Strategy Variant,Symbol,Entry Date,Recommendation,Signal Pattern,Entry Close,21 EMA,50 DMA,200 DMA,RSI(14),Volume,Average Volume(20),Relative Volume (RVOL),Distance from 52-week High (%),Distance from 21 EMA (%),Avg Traded Value,Day 1 Close,Day 2 Close,Day 3 Close,Day 4 Close,Day 5 Close,Day 6 Close,Day 7 Close,Day 8 Close,Day 9 Close,Day 10 Close,Day 11 Close,Day 12 Close,Day 13 Close,Day 14 Close,Day 15 Close,Day 16 Close,Day 17 Close,Day 18 Close,Day 19 Close,Day 20 Close,Day 21 Close,Day 22 Close,Day 23 Close,Day 24 Close,Day 25 Close,Day 26 Close,Day 27 Close,Day 28 Close,Day 29 Close,Day 30 Close,Max Favorable Move 30D (%),Max Drawdown 30D (%),30D Close Return (%),Target Hit,Stop Hit,Exit Reason,Exit Date,Exit Return (%),Days Held
BE_VOLUME_REVERSAL_RSI_65_68,ACE,2025-01-01,BUY,Bullish Engulfing,1552.800048828125,1444.5909385863356,1350.03701171875,1384.6932537841797,66.49468809776656,1511623.0,647019.75,2.336285716162451,8.389377650258112,7.4906402464134185,1004692299.3927612,1559.800048828125,1518.0999755859375,1446.3499755859375,1492.5,1435.25,1398.75,1342.199951171875,1245.5,1265.8499755859375,1249.3499755859375,1302.25,1291.699951171875,1321.3499755859375,1284.550048828125,1271.3499755859375,1295.199951171875,1236.1500244140625,1246.4000244140625,1237.0999755859375,1306.3499755859375,1293.5999755859375,1288.0,1269.3499755859375,1251.75,1231.550048828125,1228.550048828125,1246.5999755859375,1260.6500244140625,1249.9000244140625,1204.550048828125,1.094796462225104,-25.077280536404984,-22.427227527640735,False,True,Stop,2025-01-06,-4.0,30
BE_VOLUME_REVERSAL_HIGH_CONFIDENCE,WELCORP,2025-01-02,BUY,Bullish Engulfing,820.5,791.9845397255376,759.55900390625,654.5812533569336,64.22383773683518,1985911.0,568938.1,3.4905572328518693,0.5454545454545455,3.6005071872166114,466813711.04999995,814.3499755859375,774.2000122070312,797.2000122070312,789.7999877929688,774.3499755859375,755.5,720.0,731.1500244140625,760.4000244140625,766.7000122070312,779.6500244140625,798.4500122070312,792.6500244140625,779.75,802.8499755859375,789.0499877929688,740.6500244140625,717.7000122070312,742.9500122070312,721.75,742.0,735.1500244140625,715.5,720.3499755859375,732.4000244140625,748.2999877929688,801.75,777.1500244140625,778.4000244140625,777.5499877929688,1.7672151127361364,-17.52589735441423,-5.2346145285839425,False,True,Stop,2025-01-06,-4.0,30
BE_VOLUME_HC_COOL_RVOL,VIMTALABS,2025-01-07,BUY,Bullish Engulfing,510.5249938964844,477.4321363180295,417.8190020751953,299.44737556457517,63.681650021859035,699218.0,345825.4,2.021881562198728,4.570303809570532,6.931426492080728,176552510.22424927,501.17498779296875,490.32501220703125,470.57501220703125,461.6000061035156,455.9750061035156,434.875,412.625,426.5249938964844,431.2749938964844,444.57501220703125,431.7250061035156,433.0249938964844,435.45001220703125,415.5249938964844,399.5249938964844,425.79998779296875,416.32501220703125,427.92498779296875,437.92498779296875,424.7749938964844,420.79998779296875,467.7749938964844,521.25,515.5999755859375,532.4000244140625,522.7750244140625,566.0499877929688,539.0,559.375,489.9750061035156,15.371432748976725,-23.245676355080015,-4.025265763410504,True,True,Stop,2025-01-09,-4.0,30
BE_VOLUME_HC_MID_52W,VIMTALABS,2025-01-07,BUY,Bullish Engulfing,510.5249938964844,477.4321363180295,417.8190020751953,299.44737556457517,63.681650021859035,699218.0,345825.4,2.021881562198728,4.570303809570532,6.931426492080728,176552510.22424927,501.17498779296875,490.32501220703125,470.57501220703125,461.6000061035156,455.9750061035156,434.875,412.625,426.5249938964844,431.2749938964844,444.57501220703125,431.7250061035156,433.0249938964844,435.45001220703125,415.5249938964844,399.5249938964844,425.79998779296875,416.32501220703125,427.92498779296875,437.92498779296875,424.7749938964844,420.79998779296875,467.7749938964844,521.25,515.5999755859375,532.4000244140625,522.7750244140625,566.0499877929688,539.0,559.375,489.9750061035156,15.371432748976725,-23.245676355080015,-4.025265763410504,True,True,Stop,2025-01-09,-4.0,30
BE_VOLUME_REVERSAL_HIGH_CONFIDENCE,JKCEMENT,2025-01-07,BUY,Bullish Engulfing,4823.5498046875,4612.169889853451,4400.061987304687,4312.401497802734,67.11083676441018,167958.0,95604.1,1.7568075009335373,1.469721076754162,4.583090386567807,461151137.8823242,4753.10009765625,4738.7998046875,4543.5498046875,4364.35009765625,4388.5498046875,4457.7001953125,4544.89990234375,4541.2001953125,4503.2001953125,4578.0,4638.4501953125,4789.0498046875,4755.89990234375,4786.2998046875,4831.2001953125,4890.7998046875,4800.35009765625,4834.85009765625,4725.10009765625,4751.35009765625,4878.9501953125,4934.85009765625,4898.2998046875,4879.7001953125,4810.4501953125,4823.0498046875,4749.64990234375,4795.9501953125,4657.25,4637.89990234375,3.4290179913611505,-9.95220997243545,-3.8488231667751496,False,True,Stop,2025-01-10,-4.0,30
BE_VOLUME_REVERSAL_HIGH_CONFIDENCE,VIMTALABS,2025-01-07,BUY,Bullish Engulfing,510.5249938964844,477.4321363180295,417.8190020751953,299.44737556457517,63.681650021859035,699218.0,345825.4,2.021881562198728,4.570303809570532,6.931426492080728,176552510.22424927,501.17498779296875,490.32501220703125,470.57501220703125,461.6000061035156,455.9750061035156,434.875,412.625,426.5249938964844,431.2749938964844,444.57501220703125,431.7250061035156,433.0249938964844,435.45001220703125,415.5249938964844,399.5249938964844,425.79998779296875,416.32501220703125,427.92498779296875,437.92498779296875,424.7749938964844,420.79998779296875,467.7749938964844,521.25,515.5999755859375,532.4000244140625,522.7750244140625,566.0499877929688,539.0,559.375,489.9750061035156,15.371432748976725,-23.245676355080015,-4.025265763410504,True,True,Stop,2025-01-09,-4.0,30
BE_VOLUME_REVERSAL_RSI_65_68,JKCEMENT,2025-01-07,BUY,Bullish Engulfing,4823.5498046875,4612.169889853451,4400.061987304687,4312.401497802734,67.11083676441018,167958.0,95604.1,1.7568075009335373,1.469721076754162,4.583090386567807,461151137.8823242,4753.10009765625,4738.7998046875,4543.5498046875,4364.35009765625,4388.5498046875,4457.7001953125,4544.89990234375,4541.2001953125,4503.2001953125,4578.0,4638.4501953125,4789.0498046875,4755.89990234375,4786.2998046875,4831.2001953125,4890.7998046875,4800.35009765625,4834.85009765625,4725.10009765625,4751.35009765625,4878.9501953125,4934.85009765625,4898.2998046875,4879.7001953125,4810.4501953125,4823.0498046875,4749.64990234375,4795.9501953125,4657.25,4637.89990234375,3.4290179913611505,-9.95220997243545,-3.8488231667751496,False,True,Stop,2025-01-10,-4.0,30
RANGE_BREAKOUT_VOLUME_RSI_65_68,ASALCBR,2025-01-08,BUY,20D High Breakout,1176.550048828125,1089.4669036461933,1012.0809997558594,794.6749993896484,65.78119829475169,133618.0,53934.15,2.4774284938207054,1.4532184631164953,7.993188677001994,63456226.81600342,1178.949951171875,1174.25,1098.1500244140625,1088.949951171875,1071.4000244140625,1154.75,1152.25,1188.5999755859375,1157.8499755859375,1111.8499755859375,1129.25,1133.449951171875,1156.0999755859375,1077.3499755859375,1131.9000244140625,1293.5999755859375,1292.1500244140625,1405.449951171875,1456.199951171875,1431.050048828125,1378.0,1412.5999755859375,1372.5,1259.949951171875,1170.5,1250.25,1194.5,1140.800048828125,1089.0999755859375,1028.199951171875,27.151412002409554,-14.147300695620741,-12.608906676261721,True,True,Stop,2025-01-13,-4.0,30
BE_VOLUME_REVERSAL_RSI_65_68,MARICO,2025-02-01,BUY,Bullish Engulfing,694.2000122070312,663.7712382497947,647.7280017089844,637.8154998779297,67.50208179560393,4446114.0,1884850.8,2.3588678743166303,5.794546178904481,4.5842260411086695,1308463448.3684328,673.3499755859375,677.0499877929688,668.75,661.5499877929688,649.25,644.0999755859375,634.7000122070312,632.1500244140625,634.5,633.75,624.75,626.1500244140625,634.9500122070312,641.5999755859375,624.7999877929688,621.25,621.7999877929688,623.2999877929688,600.5999755859375,594.1500244140625,587.75,589.1500244140625,607.7000122070312,609.6500244140625,607.2999877929688,602.9000244140625,600.3499755859375,606.2999877929688,607.5499877929688,619.0999755859375,-0.5978139356218908,-16.760304606044098,-10.818213094282786,False,True,Stop,2025-02-03,-4.0,30
BE_VOLUME_REVERSAL_RSI_65_68,CENTURYPLY,2025-02-05,BUY,Bullish Engulfing,868.2000122070312,807.5920130852148,793.1180017089844,762.5020010375977,65.46245364791702,2252232.0,382054.0,5.895061954592807,7.144383721173128,7.504779410865872,331699287.4637451,861.0499877929688,865.75,829.6500244140625,803.5499877929688,794.4000244140625,773.5499877929688,751.4000244140625,727.3499755859375,719.25,724.0499877929688,747.75,771.4500122070312,765.25,756.9500122070312,752.9000244140625,721.4500122070312,717.6500244140625,704.0499877929688,704.9000244140625,735.9500122070312,738.4500122070312,739.5999755859375,724.8499755859375,709.9000244140625,705.9500122070312,673.5499877929688,712.8499755859375,704.2000122070312,726.7999877929688,718.8499755859375,3.3287218351264842,-23.519927359588387,-17.202261520526182,False,True,Stop,2025-02-10,-4.0,30
BE_VOLUME_REVERSAL_RSI_65_68,BAJAJFINSV,2025-02-17,BUY,Bullish Engulfing,1894.8499755859375,1781.5399843465468,1703.5500024414061,1684.3127471923829,67.92251421073703,3022597.0,2117795.35,1.4272375279320544,6.653039420850672,6.360227232337522,4012904467.243512,1893.699951171875,1875.3499755859375,1881.25,1879.3499755859375,1857.800048828125,1875.0999755859375,1925.550048828125,1872.300048828125,1838.550048828125,1790.300048828125,1801.800048828125,1845.449951171875,1845.300048828125,1840.3499755859375,1805.4000244140625,1819.449951171875,1807.449951171875,1871.5999755859375,1842.25,1851.8499755859375,1847.25,1894.1500244140625,1945.050048828125,1943.4000244140625,2005.75,2007.3499755859375,1937.0999755859375,1930.949951171875,1920.449951171875,1912.300048828125,6.710295065694812,-8.541572033210135,0.9209211001937754,True,True,Stop,2025-03-03,-4.0,30
BE_VOLUME_REVERSAL_HIGH_CONFIDENCE,NH,2025-02-25,BUY,Bullish Engulfing,1465.550048828125,1368.9455571458163,1330.8990087890625,1270.6652490234376,67.31334487516617,5068157.0,552346.1,9.175690748970618,3.2448606277252656,7.0568541734942505,809490853.8250244,1491.0,1444.5,1615.5999755859375,1559.8499755859375,1604.550048828125,1579.199951171875,1566.199951171875,1583.0999755859375,1582.5999755859375,1573.199951171875,1542.1500244140625,1578.1500244140625,1644.949951171875,1685.75,1663.800048828125,1672.050048828125,1647.199951171875,1629.8499755859375,1673.4000244140625,1692.050048828125,1676.800048828125,1687.25,1663.449951171875,1677.449951171875,1643.5,1681.449951171875,1689.5,1699.949951171875,1735.5999755859375,1793.300048828125,25.072494212373936,-2.7634675480639084,22.363617009332,True,False,Target,2025-03-03,5.0,30
BE_VOLUME_REVERSAL_RSI_65_68,NH,2025-02-25,BUY,Bullish Engulfing,1465.550048828125,1368.9455571458163,1330.8990087890625,1270.6652490234376,67.31334487516617,5068157.0,552346.1,9.175690748970618,3.2448606277252656,7.0568541734942505,809490853.8250244,1491.0,1444.5,1615.5999755859375,1559.8499755859375,1604.550048828125,1579.199951171875,1566.199951171875,1583.0999755859375,1582.5999755859375,1573.199951171875,1542.1500244140625,1578.1500244140625,1644.949951171875,1685.75,1663.800048828125,1672.050048828125,1647.199951171875,1629.8499755859375,1673.4000244140625,1692.050048828125,1676.800048828125,1687.25,1663.449951171875,1677.449951171875,1643.5,1681.449951171875,1689.5,1699.949951171875,1735.5999755859375,1793.300048828125,25.072494212373936,-2.7634675480639084,22.363617009332,True,False,Target,2025-03-03,5.0,30
MOMENTUM_PULLBACK_TIGHT_EMA,JSWSTEEL,2025-02-27,BUY,21 EMA Reclaim,975.0,960.62928213408,933.2939990234376,942.3529995727539,57.79593929159523,2049890.0,1839063.4,1.1146380271609995,8.27845719661336,1.4959691665857664,1793086815.0,950.7000122070312,976.0499877929688,974.0999755859375,1002.7000122070312,1011.0999755859375,1011.1500244140625,1013.5,1018.6500244140625,1010.4000244140625,1001.2000122070312,1005.7000122070312,1033.3499755859375,1050.25,1058.699951171875,1061.3499755859375,1061.699951171875,1056.449951171875,1059.75,1063.199951171875,1056.25,1055.9000244140625,1044.050048828125,1005.75,930.2999877929688,954.5999755859375,945.5499877929688,990.25,1008.0,1009.4000244140625,1007.2000122070312,10.246156350160257,-7.158973106971153,3.302565354567308,True,True,Target,2025-03-10,5.0,30
MOMENTUM_PULLBACK_TIGHT_EMA,BAJFINANCE,2025-03-12,BUY,21 EMA Reclaim,848.4450073242188,836.2124147350037,797.1470971679687,723.7909503173828,57.66346845162333,20882230.0,10881959.5,1.9189770004198232,2.912806542935043,1.4628570891394372,9232744207.679352,842.0449829101562,858.0349731445312,873.1599731445312,867.9650268554688,891.6099853515625,909.0050048828125,906.7249755859375,886.60498046875,900.385009765625,894.5599975585938,869.8200073242188,866.9249877929688,859.4600219726562,871.885009765625,856.7999877929688,882.2249755859375,873.5800170898438,892.1099853515625,914.0999755859375,905.6500244140625,916.25,927.3499755859375,926.0499877929688,932.2999877929688,930.0999755859375,911.2000122070312,909.2999877929688,909.2999877929688,863.4500122070312,886.8499755859375,13.855346152194354,-2.08970296432834,4.526512376192573,True,False,Target,2025-03-21,5.0,30
BE_VOLUME_HC_BALANCED,JKCEMENT,2025-03-27,BUY,Bullish Engulfing,4885.7998046875,4615.193176667941,4642.72201171875,4470.575748291016,63.62612573960148,209938.0,125507.2,1.6727167843757171,2.0675770770756077,5.863386810927179,613203053.2468749,4932.64990234375,4932.39990234375,4992.60009765625,4997.89990234375,4954.7001953125,4799.2001953125,4886.14990234375,4884.89990234375,4957.4501953125,5059.39990234375,5050.89990234375,5060.7998046875,5054.60009765625,5151.89990234375,5081.60009765625,5262.0,5245.2998046875,5124.60009765625,5152.39990234375,5112.7001953125,5161.0,5160.5,5104.5,5048.5,5061.5,5108.0,5119.0,5202.0,5308.5,5246.5,10.25830396963138,-4.6072213020074315,7.382623311058295,True,True,Stop,2025-04-07,-4.0,30
BE_VOLUME_HC_COOL_RVOL,JKCEMENT,2025-03-27,BUY,Bullish Engulfing,4885.7998046875,4615.193176667941,4642.72201171875,4470.575748291016,63.62612573960148,209938.0,125507.2,1.6727167843757171,2.0675770770756077,5.863386810927179,613203053.2468749,4932.64990234375,4932.39990234375,4992.60009765625,4997.89990234375,4954.7001953125,4799.2001953125,4886.14990234375,4884.89990234375,4957.4501953125,5059.39990234375,5050.89990234375,5060.7998046875,5054.60009765625,5151.89990234375,5081.60009765625,5262.0,5245.2998046875,5124.60009765625,5152.39990234375,5112.7001953125,5161.0,5160.5,5104.5,5048.5,5061.5,5108.0,5119.0,5202.0,5308.5,5246.5,10.25830396963138,-4.6072213020074315,7.382623311058295,True,True,Stop,2025-04-07,-4.0,30
BE_VOLUME_HC_EARLY_SURGE,JKCEMENT,2025-03-27,BUY,Bullish Engulfing,4885.7998046875,4615.193176667941,4642.72201171875,4470.575748291016,63.62612573960148,209938.0,125507.2,1.6727167843757171,2.0675770770756077,5.863386810927179,613203053.2468749,4932.64990234375,4932.39990234375,4992.60009765625,4997.89990234375,4954.7001953125,4799.2001953125,4886.14990234375,4884.89990234375,4957.4501953125,5059.39990234375,5050.89990234375,5060.7998046875,5054.60009765625,5151.89990234375,5081.60009765625,5262.0,5245.2998046875,5124.60009765625,5152.39990234375,5112.7001953125,5161.0,5160.5,5104.5,5048.5,5061.5,5108.0,5119.0,5202.0,5308.5,5246.5,10.25830396963138,-4.6072213020074315,7.382623311058295,True,True,Stop,2025-04-07,-4.0,30
BE_VOLUME_HC_MID_52W,JKCEMENT,2025-03-27,BUY,Bullish Engulfing,4885.7998046875,4615.193176667941,4642.72201171875,4470.575748291016,63.62612573960148,209938.0,125507.2,1.6727167843757171,2.0675770770756077,5.863386810927179,613203053.2468749,4932.64990234375,4932.39990234375,4992.60009765625,4997.89990234375,4954.7001953125,4799.2001953125,4886.14990234375,4884.89990234375,4957.4501953125,5059.39990234375,5050.89990234375,5060.7998046875,5054.60009765625,5151.89990234375,5081.60009765625,5262.0,5245.2998046875,5124.60009765625,5152.39990234375,5112.7001953125,5161.0,5160.5,5104.5,5048.5,5061.5,5108.0,5119.0,5202.0,5308.5,5246.5,10.25830396963138,-4.6072213020074315,7.382623311058295,True,True,Stop,2025-04-07,-4.0,30
BE_VOLUME_REVERSAL_HIGH_CONFIDENCE,JKCEMENT,2025-03-27,BUY,Bullish Engulfing,4885.7998046875,4615.193176667941,4642.72201171875,4470.575748291016,63.62612573960148,209938.0,125507.2,1.6727167843757171,2.0675770770756077,5.863386810927179,613203053.2468749,4932.64990234375,4932.39990234375,4992.60009765625,4997.89990234375,4954.7001953125,4799.2001953125,4886.14990234375,4884.89990234375,4957.4501953125,5059.39990234375,5050.89990234375,5060.7998046875,5054.60009765625,5151.89990234375,5081.60009765625,5262.0,5245.2998046875,5124.60009765625,5152.39990234375,5112.7001953125,5161.0,5160.5,5104.5,5048.5,5061.5,5108.0,5119.0,5202.0,5308.5,5246.5,10.25830396963138,-4.6072213020074315,7.382623311058295,True,True,Stop,2025-04-07,-4.0,30
BE_VOLUME_REVERSAL_RSI_65_68,FEDERALBNK,2025-03-27,BUY,Bullish Engulfing,197.5800018310547,186.10860384446144,184.86419982910155,192.54684982299804,67.95656800077353,25012772.0,7883341.0,3.172864398482826,8.949307911956366,6.163819269839003,1557590529.2148285,192.72999572753906,192.42999267578125,192.11000061035156,194.13999938964844,195.0,190.80999755859375,190.52999877929688,189.9600067138672,190.44000244140625,191.89999389648438,194.9199981689453,194.85000610351562,202.0399932861328,201.63999938964844,199.77000427246094,201.89999389648438,196.49000549316406,199.8300018310547,203.4199981689453,196.67999267578125,189.52000427246094,191.50999450683594,187.2899932861328,191.1699981689453,186.72999572753906,187.3800048828125,194.4499969482422,198.08999633789062,198.22999572753906,198.83999633789062,4.008501921018044,-7.303374734710764,0.6377135819207678,False,True,Stop,2025-04-03,-4.0,30
MOMENTUM_PULLBACK_TIGHT_EMA,SRF,2025-03-27,BUY,21 EMA Reclaim,2946.449951171875,2913.454215282859,2809.466005859375,2491.176748046875,56.33284323639799,847677.0,741488.55,1.1432098310890977,3.5500328861404298,1.1325297550904734,2184758901.9420047,2939.14990234375,2879.5,2981.60009765625,2901.199951171875,2854.85009765625,2715.199951171875,2760.14990234375,2744.39990234375,2947.35009765625,3007.199951171875,2991.60009765625,2990.39990234375,3029.300048828125,3015.0,3000.60009765625,3038.5,2968.10009765625,3040.300048828125,3020.5,3008.89990234375,2971.89990234375,2980.60009765625,2928.10009765625,3055.699951171875,2952.800048828125,3004.300048828125,3014.5,2928.199951171875,2882.60009765625,2876.60009765625,5.160449060662001,-12.769604311464928,-2.370644493311146,True,True,Stop,2025-04-03,-4.0,30
RANGE_BREAKOUT_VOLUME_RSI_65_68,AARTIPHARM,2025-04-03,BUY,20D High Breakout,807.0,749.7737617807373,713.8009973144531,652.5059985351562,66.09912469056685,1663183.0,602004.95,2.762739741591826,3.613018811585548,7.632467437023731,485817994.65,695.8499755859375,649.75,642.8499755859375,624.4000244140625,679.4000244140625,713.4500122070312,717.25,733.5999755859375,712.8499755859375,711.9500122070312,737.0,753.9000244140625,735.1500244140625,728.9500122070312,742.1500244140625,713.3499755859375,708.7000122070312,704.8499755859375,698.5999755859375,737.4500122070312,744.9000244140625,765.4500122070312,799.4500122070312,780.5499877929688,810.9500122070312,795.25,796.5,855.25,843.3499755859375,875.0999755859375,8.921933085501859,-28.816603196154738,8.438658684750619,True,True,Stop,2025-04-04,-4.0,30
BE_VOLUME_HC_BALANCED,APLAPOLLO,2025-05-07,BUY,Bullish Engulfing,1663.0,1585.5778433774333,1509.3940063476562,1500.6842517089844,65.83467245566283,1146154.0,517559.4,2.214536147928141,3.8144511428554884,4.882898493185934,860701282.2,1663.300048828125,1655.699951171875,1712.800048828125,1725.0999755859375,1745.0999755859375,1775.9000244140625,1785.4000244140625,1805.9000244140625,1794.5,1814.4000244140625,1829.5,1830.199951171875,1838.300048828125,1843.5,1835.300048828125,1827.0,1811.699951171875,1808.9000244140625,1815.5999755859375,1894.4000244140625,1914.9000244140625,1920.9000244140625,1883.0,1892.0999755859375,1887.199951171875,1836.0999755859375,1846.0,1852.9000244140625,1833.4000244140625,1798.800048828125,16.4161154539988,-2.8202059178630488,8.165968059418221,True,False,Target,2025-05-13,5.0,30
BE_VOLUME_HC_COOL_RVOL,APLAPOLLO,2025-05-07,BUY,Bullish Engulfing,1663.0,1585.5778433774333,1509.3940063476562,1500.6842517089844,65.83467245566283,1146154.0,517559.4,2.214536147928141,3.8144511428554884,4.882898493185934,860701282.2,1663.300048828125,1655.699951171875,1712.800048828125,1725.0999755859375,1745.0999755859375,1775.9000244140625,1785.4000244140625,1805.9000244140625,1794.5,1814.4000244140625,1829.5,1830.199951171875,1838.300048828125,1843.5,1835.300048828125,1827.0,1811.699951171875,1808.9000244140625,1815.5999755859375,1894.4000244140625,1914.9000244140625,1920.9000244140625,1883.0,1892.0999755859375,1887.199951171875,1836.0999755859375,1846.0,1852.9000244140625,1833.4000244140625,1798.800048828125,16.4161154539988,-2.8202059178630488,8.165968059418221,True,False,Target,2025-05-13,5.0,30
BE_VOLUME_HC_EARLY_SURGE,APLAPOLLO,2025-05-07,BUY,Bullish Engulfing,1663.0,1585.5778433774333,1509.3940063476562,1500.6842517089844,65.83467245566283,1146154.0,517559.4,2.214536147928141,3.8144511428554884,4.882898493185934,860701282.2,1663.300048828125,1655.699951171875,1712.800048828125,1725.0999755859375,1745.0999755859375,1775.9000244140625,1785.4000244140625,1805.9000244140625,1794.5,1814.4000244140625,1829.5,1830.199951171875,1838.300048828125,1843.5,1835.300048828125,1827.0,1811.699951171875,1808.9000244140625,1815.5999755859375,1894.4000244140625,1914.9000244140625,1920.9000244140625,1883.0,1892.0999755859375,1887.199951171875,1836.0999755859375,1846.0,1852.9000244140625,1833.4000244140625,1798.800048828125,16.4161154539988,-2.8202059178630488,8.165968059418221,True,False,Target,2025-05-13,5.0,30
BE_VOLUME_HC_MID_52W,APLAPOLLO,2025-05-07,BUY,Bullish Engulfing,1663.0,1585.5778433774333,1509.3940063476562,1500.6842517089844,65.83467245566283,1146154.0,517559.4,2.214536147928141,3.8144511428554884,4.882898493185934,860701282.2,1663.300048828125,1655.699951171875,1712.800048828125,1725.0999755859375,1745.0999755859375,1775.9000244140625,1785.4000244140625,1805.9000244140625,1794.5,1814.4000244140625,1829.5,1830.199951171875,1838.300048828125,1843.5,1835.300048828125,1827.0,1811.699951171875,1808.9000244140625,1815.5999755859375,1894.4000244140625,1914.9000244140625,1920.9000244140625,1883.0,1892.0999755859375,1887.199951171875,1836.0999755859375,1846.0,1852.9000244140625,1833.4000244140625,1798.800048828125,16.4161154539988,-2.8202059178630488,8.165968059418221,True,False,Target,2025-05-13,5.0,30
BE_VOLUME_REVERSAL_HIGH_CONFIDENCE,APLAPOLLO,2025-05-07,BUY,Bullish Engulfing,1663.0,1585.5778433774333,1509.3940063476562,1500.6842517089844,65.83467245566283,1146154.0,517559.4,2.214536147928141,3.8144511428554884,4.882898493185934,860701282.2,1663.300048828125,1655.699951171875,1712.800048828125,1725.0999755859375,1745.0999755859375,1775.9000244140625,1785.4000244140625,1805.9000244140625,1794.5,1814.4000244140625,1829.5,1830.199951171875,1838.300048828125,1843.5,1835.300048828125,1827.0,1811.699951171875,1808.9000244140625,1815.5999755859375,1894.4000244140625,1914.9000244140625,1920.9000244140625,1883.0,1892.0999755859375,1887.199951171875,1836.0999755859375,1846.0,1852.9000244140625,1833.4000244140625,1798.800048828125,16.4161154539988,-2.8202059178630488,8.165968059418221,True,False,Target,2025-05-13,5.0,30
BE_VOLUME_REVERSAL_RSI_65_68,APLAPOLLO,2025-05-07,BUY,Bullish Engulfing,1663.0,1585.5778433774333,1509.3940063476562,1500.6842517089844,65.83467245566283,1146154.0,517559.4,2.214536147928141,3.8144511428554884,4.882898493185934,860701282.2,1663.300048828125,1655.699951171875,1712.800048828125,1725.0999755859375,1745.0999755859375,1775.9000244140625,1785.4000244140625,1805.9000244140625,1794.5,1814.4000244140625,1829.5,1830.199951171875,1838.300048828125,1843.5,1835.300048828125,1827.0,1811.699951171875,1808.9000244140625,1815.5999755859375,1894.4000244140625,1914.9000244140625,1920.9000244140625,1883.0,1892.0999755859375,1887.199951171875,1836.0999755859375,1846.0,1852.9000244140625,1833.4000244140625,1798.800048828125,16.4161154539988,-2.8202059178630488,8.165968059418221,True,False,Target,2025-05-13,5.0,30
RANGE_BREAKOUT_VOLUME_RSI_65_68,APLAPOLLO,2025-05-07,BUY,20D High Breakout,1663.0,1585.5778433774333,1509.3940063476562,1500.6842517089844,65.83467245566283,1146154.0,517559.4,2.214536147928141,3.8144511428554884,4.882898493185934,860701282.2,1663.300048828125,1655.699951171875,1712.800048828125,1725.0999755859375,1745.0999755859375,1775.9000244140625,1785.4000244140625,1805.9000244140625,1794.5,1814.4000244140625,1829.5,1830.199951171875,1838.300048828125,1843.5,1835.300048828125,1827.0,1811.699951171875,1808.9000244140625,1815.5999755859375,1894.4000244140625,1914.9000244140625,1920.9000244140625,1883.0,1892.0999755859375,1887.199951171875,1836.0999755859375,1846.0,1852.9000244140625,1833.4000244140625,1798.800048828125,16.4161154539988,-2.8202059178630488,8.165968059418221,True,False,Target,2025-05-13,5.0,30
BE_VOLUME_REVERSAL_HIGH_CONFIDENCE,SHYAMMETL,2025-05-15,BUY,Bullish Engulfing,936.8499755859375,884.7594553474312,847.6289953613282,815.0952490234375,65.80765965862906,1169387.0,370859.3,3.1531823524447145,2.0953128139381354,5.887534733161024,347439526.1508179,937.75,906.9500122070312,911.1500244140625,908.4000244140625,903.8499755859375,903.5499877929688,871.5999755859375,873.1500244140625,870.5,870.3499755859375,843.0999755859375,870.5,856.6500244140625,852.3499755859375,865.5499877929688,870.0,879.5999755859375,878.75,858.0999755859375,847.3499755859375,836.4000244140625,838.7999877929688,835.4500122070312,827.7000122070312,818.5499877929688,826.3499755859375,833.4500122070312,833.7999877929688,844.3499755859375,864.0499877929688,1.4036424995195236,-14.009713766380989,-7.770719932765882,False,True,Stop,2025-05-19,-4.0,30
BE_VOLUME_REVERSAL_RSI_65_68,SHYAMMETL,2025-05-15,BUY,Bullish Engulfing,936.8499755859375,884.7594553474312,847.6289953613282,815.0952490234375,65.80765965862906,1169387.0,370859.3,3.1531823524447145,2.0953128139381354,5.887534733161024,347439526.1508179,937.75,906.9500122070312,911.1500244140625,908.4000244140625,903.8499755859375,903.5499877929688,871.5999755859375,873.1500244140625,870.5,870.3499755859375,843.0999755859375,870.5,856.6500244140625,852.3499755859375,865.5499877929688,870.0,879.5999755859375,878.75,858.0999755859375,847.3499755859375,836.4000244140625,838.7999877929688,835.4500122070312,827.7000122070312,818.5499877929688,826.3499755859375,833.4500122070312,833.7999877929688,844.3499755859375,864.0499877929688,1.4036424995195236,-14.009713766380989,-7.770719932765882,False,True,Stop,2025-05-19,-4.0,30
RANGE_BREAKOUT_VOLUME_RSI_65_68,SHYAMMETL,2025-05-15,BUY,20D High Breakout,936.8499755859375,884.7594553474312,847.6289953613282,815.0952490234375,65.80765965862906,1169387.0,370859.3,3.1531823524447145,2.0953128139381354,5.887534733161024,347439526.1508179,937.75,906.9500122070312,911.1500244140625,908.4000244140625,903.8499755859375,903.5499877929688,871.5999755859375,873.1500244140625,870.5,870.3499755859375,843.0999755859375,870.5,856.6500244140625,852.3499755859375,865.5499877929688,870.0,879.5999755859375,878.75,858.0999755859375,847.3499755859375,836.4000244140625,838.7999877929688,835.4500122070312,827.7000122070312,818.5499877929688,826.3499755859375,833.4500122070312,833.7999877929688,844.3499755859375,864.0499877929688,1.4036424995195236,-14.009713766380989,-7.770719932765882,False,True,Stop,2025-05-19,-4.0,30
BE_VOLUME_HC_BALANCED,STYRENIX,2025-05-19,BUY,Bullish Engulfing,2958.0,2792.1192441220064,2720.977998046875,2639.6774975585936,64.0678123969463,61000.0,27879.8,2.1879640456531253,4.446559096993939,5.94103408109117,82468448.39999999,2955.89990234375,2990.300048828125,2992.800048828125,2995.0,2940.199951171875,2908.60009765625,2891.5,2917.800048828125,3153.5,3229.89990234375,3272.199951171875,3256.0,3317.60009765625,3283.10009765625,3421.10009765625,3466.800048828125,3424.39990234375,3363.60009765625,3305.39990234375,3320.5,3308.199951171875,3319.5,3274.5,3322.5,3282.699951171875,3238.60009765625,3223.199951171875,3230.0,3180.5,3219.199951171875,18.255578093306287,-3.2792427315753887,8.830289086270284,True,False,Target,2025-05-30,5.0,30
BE_VOLUME_HC_COOL_RVOL,STYRENIX,2025-05-19,BUY,Bullish Engulfing,2958.0,2792.1192441220064,2720.977998046875,2639.6774975585936,64.0678123969463,61000.0,27879.8,2.1879640456531253,4.446559096993939,5.94103408109117,82468448.39999999,2955.89990234375,2990.300048828125,2992.800048828125,2995.0,2940.199951171875,2908.60009765625,2891.5,2917.800048828125,3153.5,3229.89990234375,3272.199951171875,3256.0,3317.60009765625,3283.10009765625,3421.10009765625,3466.800048828125,3424.39990234375,3363.60009765625,3305.39990234375,3320.5,3308.199951171875,3319.5,3274.5,3322.5,3282.699951171875,3238.60009765625,3223.199951171875,3230.0,3180.5,3219.199951171875,18.255578093306287,-3.2792427315753887,8.830289086270284,True,False,Target,2025-05-30,5.0,30
BE_VOLUME_HC_EARLY_SURGE,STYRENIX,2025-05-19,BUY,Bullish Engulfing,2958.0,2792.1192441220064,2720.977998046875,2639.6774975585936,64.0678123969463,61000.0,27879.8,2.1879640456531253,4.446559096993939,5.94103408109117,82468448.39999999,2955.89990234375,2990.300048828125,2992.800048828125,2995.0,2940.199951171875,2908.60009765625,2891.5,2917.800048828125,3153.5,3229.89990234375,3272.199951171875,3256.0,3317.60009765625,3283.10009765625,3421.10009765625,3466.800048828125,3424.39990234375,3363.60009765625,3305.39990234375,3320.5,3308.199951171875,3319.5,3274.5,3322.5,3282.699951171875,3238.60009765625,3223.199951171875,3230.0,3180.5,3219.199951171875,18.255578093306287,-3.2792427315753887,8.830289086270284,True,False,Target,2025-05-30,5.0,30
BE_VOLUME_HC_MID_52W,STYRENIX,2025-05-19,BUY,Bullish Engulfing,2958.0,2792.1192441220064,2720.977998046875,2639.6774975585936,64.0678123969463,61000.0,27879.8,2.1879640456531253,4.446559096993939,5.94103408109117,82468448.39999999,2955.89990234375,2990.300048828125,2992.800048828125,2995.0,2940.199951171875,2908.60009765625,2891.5,2917.800048828125,3153.5,3229.89990234375,3272.199951171875,3256.0,3317.60009765625,3283.10009765625,3421.10009765625,3466.800048828125,3424.39990234375,3363.60009765625,3305.39990234375,3320.5,3308.199951171875,3319.5,3274.5,3322.5,3282.699951171875,3238.60009765625,3223.199951171875,3230.0,3180.5,3219.199951171875,18.255578093306287,-3.2792427315753887,8.830289086270284,True,False,Target,2025-05-30,5.0,30
BE_VOLUME_REVERSAL_HIGH_CONFIDENCE,STYRENIX,2025-05-19,BUY,Bullish Engulfing,2958.0,2792.1192441220064,2720.977998046875,2639.6774975585936,64.0678123969463,61000.0,27879.8,2.1879640456531253,4.446559096993939,5.94103408109117,82468448.39999999,2955.89990234375,2990.300048828125,2992.800048828125,2995.0,2940.199951171875,2908.60009765625,2891.5,2917.800048828125,3153.5,3229.89990234375,3272.199951171875,3256.0,3317.60009765625,3283.10009765625,3421.10009765625,3466.800048828125,3424.39990234375,3363.60009765625,3305.39990234375,3320.5,3308.199951171875,3319.5,3274.5,3322.5,3282.699951171875,3238.60009765625,3223.199951171875,3230.0,3180.5,3219.199951171875,18.255578093306287,-3.2792427315753887,8.830289086270284,True,False,Target,2025-05-30,5.0,30
BE_VOLUME_REVERSAL_HIGH_CONFIDENCE,FORTIS,2025-05-22,BUY,Bullish Engulfing,723.7999877929688,680.4027639123339,660.4729992675781,628.9677478027344,63.63853576080904,11786233.0,2013773.95,5.852808355178097,2.780391162798019,6.378166900895539,1457569560.4277985,719.0499877929688,708.2000122070312,704.9500122070312,710.5999755859375,716.2999877929688,706.2999877929688,722.3499755859375,729.6500244140625,738.8499755859375,754.75,763.2999877929688,767.2000122070312,778.9000244140625,764.25,760.0,754.0,764.8499755859375,761.5499877929688,759.0,748.0999755859375,755.25,754.6500244140625,765.4000244140625,779.7999877929688,790.7000122070312,784.0,794.5,774.75,792.5499877929688,794.0499877929688,10.928438512728883,-3.4678054724030947,9.705719975791691,True,False,Target,2025-06-06,5.0,30
MOMENTUM_PULLBACK_TIGHT_EMA,NH,2025-05-26,BUY,21 EMA Reclaim,1776.9000244140625,1756.57828910641,1719.7399951171874,1401.6097479248047,55.42427638046376,3025773.0,469546.3,6.444035444427951,5.05983930365395,1.1568932300757497,834336831.9335327,1742.5999755859375,1724.300048828125,1764.800048828125,1743.9000244140625,1746.0999755859375,1752.800048828125,1739.9000244140625,1743.4000244140625,1750.699951171875,1791.5,1813.9000244140625,1835.300048828125,1824.4000244140625,1913.0,1934.0999755859375,1903.0999755859375,1903.9000244140625,1873.800048828125,1903.4000244140625,1985.300048828125,1989.0999755859375,2058.699951171875,2073.300048828125,2263.199951171875,2170.39990234375,2094.0,1981.4000244140625,2005.9000244140625,2011.4000244140625,1990.300048828125,33.389606539819525,-3.7087074966861575,12.009680988351144,True,False,Target,2025-06-12,5.0,30
RANGE_BREAKOUT_VOLUME_RSI_65_68,HOMEFIRST,2025-05-30,BUY,20D High Breakout,1274.800048828125,1183.01677638657,1132.8980090332032,1089.2762521362304,65.8843690099105,1208268.0,274589.0,4.400278234015201,7.843562218617482,7.758408356802825,350046070.607666,1262.800048828125,1282.4000244140625,1254.4000244140625,1286.0999755859375,1300.5,1278.300048828125,1266.4000244140625,1265.9000244140625,1233.5999755859375,1267.9000244140625,1277.800048828125,1279.0999755859375,1283.199951171875,1289.5,1292.800048828125,1303.5,1340.699951171875,1378.9000244140625,1387.300048828125,1473.9000244140625,1378.5,1320.0999755859375,1352.0999755859375,1361.0999755859375,1355.5999755859375,1394.5999755859375,1369.699951171875,1363.4000244140625,1373.9000244140625,1385.9000244140625,18.44994839685528,-5.075311481331037,8.715090314600118,True,True,Target,2025-06-09,5.0,30
BE_VOLUME_REVERSAL_HIGH_CONFIDENCE,SBICARD,2025-06-04,BUY,Bullish Engulfing,942.0499877929688,907.8627635758903,887.2019995117188,784.6579998779297,62.981126295469224,2649593.0,905666.45,2.9255726542591924,0.4701544856874009,3.7656819498160474,853183068.1670012,944.3499755859375,993.0999755859375,1017.0,1002.25,991.9500122070312,1002.1500244140625,1007.0,1008.7000122070312,991.0,972.5999755859375,939.7000122070312,945.5999755859375,955.9000244140625,982.0999755859375,969.7999877929688,975.2999877929688,991.3499755859375,953.0999755859375,931.7999877929688,913.0999755859375,911.4000244140625,909.5999755859375,908.9500122070312,918.75,934.5,935.5,913.4500122070312,903.5,893.75,897.3499755859375,9.044107352162651,-6.055940611668097,-4.744972431001701,True,True,Target,2025-06-06,5.0,30
BE_VOLUME_REVERSAL_RSI_65_68,SUDARSCHEM,2025-06-05,BUY,Bullish Engulfing,1181.199951171875,1109.9814843840504,1053.5859997558593,1033.377751159668,66.56410927124537,185880.0,145133.45,1.280752300727365,4.313662125341677,6.416185115677407,171431624.05340576,1172.199951171875,1285.0999755859375,1263.4000244140625,1253.5999755859375,1251.199951171875,1257.9000244140625,1281.0,1246.199951171875,1242.4000244140625,1247.199951171875,1235.199951171875,1244.5,1197.5,1221.199951171875,1207.800048828125,1259.699951171875,1233.4000244140625,1275.699951171875,1252.9000244140625,1233.800048828125,1254.5999755859375,1230.4000244140625,1221.199951171875,1205.4000244140625,1226.5,1220.5,1245.800048828125,1259.199951171875,1260.4000244140625,1260.5999755859375,11.327468198367367,-1.2106271037029306,6.721979994605426,True,False,Target,2025-06-09,5.0,30
BE_VOLUME_REVERSAL_RSI_65_68,UNITDSPR,2025-06-05,BUY,Bullish Engulfing,1610.0,1552.4825277969057,1512.1589965820312,1485.3472491455077,66.76165955454576,2195473.0,964241.25,2.2768918048258153,5.294117647058823,3.7048708229081364,1552428412.5,1593.4000244140625,1592.699951171875,1609.9000244140625,1503.800048828125,1485.0999755859375,1453.0999755859375,1485.4000244140625,1474.800048828125,1461.800048828125,1460.800048828125,1458.9000244140625,1419.9000244140625,1443.300048828125,1454.9000244140625,1444.5,1442.199951171875,1428.0999755859375,1400.4000244140625,1383.4000244140625,1381.699951171875,1378.199951171875,1382.5999755859375,1364.699951171875,1370.9000244140625,1384.0,1357.5999755859375,1364.0,1370.199951171875,1377.199951171875,1380.0,2.1739130434782608,-16.440990756017083,-14.285714285714285,False,True,Stop,2025-06-11,-4.0,30
MOMENTUM_PULLBACK_TIGHT_EMA,CEATLTD,2025-06-05,BUY,21 EMA Reclaim,3708.300048828125,3664.2072735970987,3326.87599609375,3010.135744628906,57.986329349429,151275.0,166122.75,0.9106218142909385,8.30118573619869,1.2033373643664282,616033001.9364624,3798.89990234375,3797.800048828125,3851.89990234375,3849.39990234375,3755.300048828125,3708.800048828125,3638.800048828125,3594.0,3607.199951171875,3554.60009765625,3529.699951171875,3501.39990234375,3558.699951171875,3646.800048828125,3570.89990234375,3645.300048828125,3684.0,3655.5,3685.0,3682.60009765625,3609.800048828125,3655.5,3818.10009765625,3863.39990234375,3795.0,3723.5,3908.5,3888.5,3876.10009765625,3855.0,9.052664206014315,-6.854891670705173,3.9559892468311526,True,True,Target,2025-06-10,5.0,30
MOMENTUM_PULLBACK_TIGHT_EMA,ICICIBANK,2025-06-05,BUY,21 EMA Reclaim,1454.800048828125,1438.0271172868447,1401.1900073242186,1296.021248779297,58.00133309907672,11385668.0,10017104.9,1.1366226183774915,1.1416096110713363,1.1663849269356006,14572884697.63645,1459.699951171875,1434.800048828125,1422.9000244140625,1431.0,1425.199951171875,1416.0999755859375,1426.9000244140625,1423.199951171875,1412.5999755859375,1411.300048828125,1427.0999755859375,1420.0999755859375,1424.0999755859375,1425.800048828125,1439.0999755859375,1462.199951171875,1445.800048828125,1432.0,1427.800048828125,1425.9000244140625,1442.800048828125,1435.699951171875,1442.0,1431.9000244140625,1424.0999755859375,1421.9000244140625,1423.0,1430.800048828125,1426.4000244140625,1418.699951171875,0.8248556225761937,-3.519389024177607,-2.481447377275624,False,False,Time,2025-07-17,-2.481447377275624,30
MOMENTUM_PULLBACK_TIGHT_EMA,MRF,2025-06-05,BUY,21 EMA Reclaim,140360.0,138849.21735444336,130117.216875,125412.06140625,56.12476647355561,15753.0,9898.45,1.5914612893937938,4.798724861803507,1.088074296954827,1389346442.0,139530.0,138595.0,137850.0,136880.0,136385.0,137620.0,136145.0,136350.0,137950.0,138180.0,134430.0,135555.0,136610.0,139255.0,142515.0,143215.0,142360.0,142500.0,145210.0,144920.0,143965.0,143135.0,144945.0,150715.0,148280.0,148240.0,148845.0,150785.0,152470.0,150535.0,9.005414648047877,-5.42889712168709,7.249216300940439,True,True,Stop,2025-06-20,-4.0,30
RANGE_BREAKOUT_VOLUME_RSI_65_68,LTF,2025-06-05,BUY,20D High Breakout,183.36000061035156,172.95500785567282,166.245,155.14605041503907,66.3031354288465,15938143.0,5567651.65,2.8626329378922257,5.606177291968308,6.016011264248262,1020884609.942225,189.7899932861328,193.0,194.77000427246094,190.8000030517578,187.8000030517578,185.69000244140625,191.66000366210938,190.0399932861328,188.77000427246094,187.50999450683594,190.0500030517578,193.2899932861328,200.05999755859375,201.50999450683594,206.13999938964844,203.02000427246094,206.00999450683594,207.83999633789062,206.22000122070312,203.2899932861328,205.6300048828125,207.77000427246094,208.25,209.10000610351562,206.77000427246094,204.58999633789062,205.57000732421875,205.4499969482422,203.35000610351562,199.77999877929688,15.183244025534174,-1.499781844920407,8.95506005360382,True,False,Target,2025-06-09,5.0,30
MOMENTUM_PULLBACK_TIGHT_EMA,HDFCLIFE,2025-06-09,BUY,21 EMA Reclaim,760.4000244140625,756.270791278633,727.6200012207031,683.7692510986328,55.345000905268435,3151657.0,2585088.7,1.219167837451767,3.8806664289348154,0.5459992879598216,1965701510.5925171,762.4500122070312,764.2000122070312,754.5,752.8499755859375,770.5499877929688,773.9500122070312,766.2000122070312,761.8499755859375,778.9500122070312,774.1500244140625,779.7000122070312,785.0999755859375,799.4500122070312,806.9500122070312,814.2999877929688,809.9000244140625,789.7000122070312,785.8499755859375,785.0999755859375,789.4500122070312,794.1500244140625,786.2999877929688,771.25,759.0,764.75,756.8499755859375,755.9500122070312,751.7999877929688,739.5,752.2999877929688,7.936608843804425,-3.623099413937302,-1.0652336087620924,True,False,Target,2025-06-26,5.0,30
BE_VOLUME_REVERSAL_RSI_65_68,CEATLTD,2025-06-10,BUY,Bullish Engulfing,3851.89990234375,3702.430621627469,3383.6719970703125,3027.630993652344,66.3112258079837,195737.0,152418.15,1.2842105746592516,4.750249694763848,4.037058246092917,587099457.100415,3849.39990234375,3755.300048828125,3708.800048828125,3638.800048828125,3594.0,3607.199951171875,3554.60009765625,3529.699951171875,3501.39990234375,3558.699951171875,3646.800048828125,3570.89990234375,3645.300048828125,3684.0,3655.5,3685.0,3682.60009765625,3609.800048828125,3655.5,3818.10009765625,3863.39990234375,3795.0,3723.5,3908.5,3888.5,3876.10009765625,3855.0,3827.300048828125,3600.89990234375,3493.39990234375,4.9871518608093535,-10.327366099141162,-9.307095435731986,False,True,Stop,2025-06-13,-4.0,30
BE_VOLUME_REVERSAL_RSI_65_68,PSPPROJECT,2025-06-13,BUY,Bullish Engulfing,698.6500244140625,656.6466920174436,644.7419982910156,645.6257482910156,67.8097058076445,1295551.0,183899.7,7.044878267881894,6.315786199924572,6.396641132474193,128481529.89473878,726.2999877929688,730.0999755859375,765.9000244140625,739.75,734.2000122070312,734.4500122070312,717.5499877929688,752.2000122070312,756.4000244140625,755.25,759.9000244140625,803.4000244140625,794.4000244140625,786.0499877929688,778.0499877929688,756.75,761.9000244140625,758.4500122070312,761.9000244140625,758.0,777.8499755859375,827.5999755859375,834.25,823.6500244140625,817.5999755859375,808.0499877929688,809.7999877929688,826.5499877929688,827.0,809.9000244140625,20.725682778642753,0.3220496559614393,15.923566322537832,True,False,Target,2025-06-16,5.0,30
MOMENTUM_PULLBACK_TIGHT_EMA,BDL,2025-06-13,BUY,21 EMA Reclaim,1900.0,1873.7681802244147,1649.29,1283.444248046875,57.02359000775382,4602202.0,4180929.8,1.1007604098016666,9.37709093288823,1.399950114023371,7943766620.0,1888.0,1903.4000244140625,1906.0999755859375,1884.300048828125,1902.0,1931.199951171875,1851.699951171875,1814.9000244140625,1827.300048828125,1890.0999755859375,1943.199951171875,1980.300048828125,1975.199951171875,1965.300048828125,1977.5999755859375,1943.300048828125,1969.5999755859375,1985.199951171875,1892.800048828125,1856.5999755859375,1824.0999755859375,1819.5999755859375,1802.0,1742.9000244140625,1671.5999755859375,1718.4000244140625,1717.4000244140625,1703.9000244140625,1697.0999755859375,1657.5999755859375,5.973684210526316,-13.67894865337171,-12.757896021792764,True,True,Stop,2025-06-16,-4.0,30
MOMENTUM_PULLBACK_TIGHT_EMA,TVSMOTOR,2025-06-16,BUY,21 EMA Reclaim,2796.5,2755.273422227576,2709.911005859375,2564.0804943847656,56.96753990817706,568490.0,689858.85,0.8240671261954529,5.459770114942529,1.4962790059178033,1929190274.0249999,2777.199951171875,2775.89990234375,2779.89990234375,2812.10009765625,2778.60009765625,2837.10009765625,2916.800048828125,2928.89990234375,2939.300048828125,2918.0,2893.60009765625,2898.300048828125,2899.199951171875,2880.10009765625,2876.89990234375,2830.699951171875,2840.10009765625,2830.10009765625,2754.5,2802.199951171875,2885.0,2897.300048828125,2878.800048828125,2849.300048828125,2835.5,2795.39990234375,2802.60009765625,2797.699951171875,2774.39990234375,2798.89990234375,5.857323398109244,-2.424460891404434,0.08581807057929555,True,False,Target,2025-06-26,5.0,30
MOMENTUM_PULLBACK_TIGHT_EMA,CHOICEIN,2025-06-18,BUY,21 EMA Reclaim,692.5499877929688,690.327462590682,643.0460040283203,537.7050021362305,57.06892478719181,390633.0,362106.65,1.0787788625257226,4.211619945647476,0.32195230853861734,250776956.0372528,690.0499877929688,704.5,704.2000122070312,707.25,709.5499877929688,715.2999877929688,703.5,701.0,694.0499877929688,692.5,694.0499877929688,734.4000244140625,709.3499755859375,704.9000244140625,700.8499755859375,701.5999755859375,705.9500122070312,690.75,705.2000122070312,747.0999755859375,756.2999877929688,753.0499877929688,761.25,763.9000244140625,761.2999877929688,762.2000122070312,752.0999755859375,736.7999877929688,739.7999877929688,744.1500244140625,13.92679429746291,-1.2201302947040555,7.450730998571483,True,False,Target,2025-07-04,5.0,30
MOMENTUM_PULLBACK_TIGHT_EMA,ABBOTINDIA,2025-06-20,BUY,21 EMA Reclaim,31620.0,31260.65368730161,30695.9619921875,29324.998271484375,57.02362058834416,9994.0,8347.65,1.1972231705929215,1.8012422360248446,1.1495163098408323,263952693.0,31050.0,31535.0,31680.0,33055.0,34940.0,35670.0,34665.0,35460.0,35420.0,34735.0,34485.0,34160.0,34390.0,34555.0,34420.0,34295.0,34275.0,34280.0,34165.0,34125.0,34085.0,34130.0,34735.0,34580.0,33780.0,32895.0,34710.0,35195.0,34405.0,33595.0,17.014547754585703,-2.340290955091714,6.246046805819102,True,False,Target,2025-06-26,5.0,30
MOMENTUM_PULLBACK_TIGHT_EMA,HDFCBANK,2025-06-20,BUY,21 EMA Reclaim,982.3499755859375,969.4674263692904,960.752998046875,888.0543743896484,58.50037345260953,32900408.0,19359038.7,1.699485625802277,1.5829332707174955,1.3288274434235505,19017351194.312218,974.2000122070312,980.4500122070312,990.0999755859375,1010.9000244140625,1007.4500122070312,1000.75,1006.0499877929688,993.0,993.5499877929688,994.6500244140625,993.7000122070312,1000.7000122070312,1005.5999755859375,1003.0999755859375,991.8499755859375,991.5,997.75,998.1500244140625,993.4500122070312,978.7000122070312,1000.25,1003.5499877929688,1012.1500244140625,1007.0999755859375,1002.2999877929688,1004.25,1010.7999877929688,1012.9000244140625,1009.0999755859375,1006.0999755859375,3.7155800791086726,-1.1655674104379656,2.4176719692830404,False,False,Time,2025-08-01,2.4176719692830404,30
MOMENTUM_PULLBACK_TIGHT_EMA,EIDPARRY,2025-06-23,BUY,21 EMA Reclaim,973.0,961.6750251324588,915.3909997558594,840.5207507324219,56.225691727940536,257273.0,265741.35,0.9681331113881977,6.621880998080615,1.177630131964934,258566333.54999998,970.8499755859375,1055.0,1019.2999877929688,1056.5,1110.0,1109.0,1101.4000244140625,1114.699951171875,1095.5999755859375,1092.800048828125,1080.199951171875,1087.800048828125,1109.800048828125,1152.4000244140625,1157.199951171875,1160.699951171875,1157.0,1151.0,1152.199951171875,1162.0999755859375,1167.5999755859375,1183.699951171875,1186.4000244140625,1174.300048828125,1180.0,1208.800048828125,1236.199951171875,1233.5,1204.5999755859375,1191.0999755859375,28.13977891347636,-1.0842741822167266,22.415208179438594,True,False,Target,2025-06-25,5.0,30
RANGE_BREAKOUT_VOLUME_RSI_65_68,INDIAGLYCO,2025-06-24,BUY,20D High Breakout,983.2999877929688,921.6213668508734,837.3455004882812,679.2134997558594,66.37204258431612,730280.0,283218.4,2.578504786412182,0.7769941682170787,6.692403535830294,278488649.2627442,1006.25,1025.25,1023.2999877929688,1031.550048828125,1013.9000244140625,1048.6500244140625,1040.050048828125,1055.9000244140625,1026.0,1007.4500122070312,1040.0,1034.75,1026.5999755859375,1017.75,1017.5,999.8499755859375,963.2999877929688,960.4500122070312,914.75,895.0999755859375,886.2000122070312,877.7999877929688,863.5499877929688,834.7000122070312,865.7000122070312,863.4500122070312,856.0999755859375,833.2999877929688,873.5499877929688,905.2999877929688,8.715551029283157,-15.676799073790097,-7.932472385672671,True,True,Target,2025-06-27,5.0,30
BE_VOLUME_HC_BALANCED,PAGEIND,2025-06-25,BUY,Bullish Engulfing,48285.0,46129.19740096334,46112.8,44660.35625,66.31166550010394,55451.0,26038.9,2.1295446428228533,3.139319584625329,4.673401490812927,1257288286.5,48700.0,49440.0,49410.0,48195.0,47500.0,48145.0,48710.0,48910.0,48965.0,48590.0,48245.0,47930.0,48765.0,49020.0,47145.0,47285.0,46740.0,46730.0,46295.0,47410.0,47115.0,46270.0,46510.0,47215.0,48315.0,48805.0,46810.0,46265.0,45730.0,46300.0,4.773739256497877,-6.006006006006006,-4.111007559283421,False,True,Stop,2025-07-22,-4.0,30
BE_VOLUME_REVERSAL_HIGH_CONFIDENCE,PAGEIND,2025-06-25,BUY,Bullish Engulfing,48285.0,46129.19740096334,46112.8,44660.35625,66.31166550010394,55451.0,26038.9,2.1295446428228533,3.139319584625329,4.673401490812927,1257288286.5,48700.0,49440.0,49410.0,48195.0,47500.0,48145.0,48710.0,48910.0,48965.0,48590.0,48245.0,47930.0,48765.0,49020.0,47145.0,47285.0,46740.0,46730.0,46295.0,47410.0,47115.0,46270.0,46510.0,47215.0,48315.0,48805.0,46810.0,46265.0,45730.0,46300.0,4.773739256497877,-6.006006006006006,-4.111007559283421,False,True,Stop,2025-07-22,-4.0,30
BE_VOLUME_REVERSAL_RSI_65_68,PAGEIND,2025-06-25,BUY,Bullish Engulfing,48285.0,46129.19740096334,46112.8,44660.35625,66.31166550010394,55451.0,26038.9,2.1295446428228533,3.139319584625329,4.673401490812927,1257288286.5,48700.0,49440.0,49410.0,48195.0,47500.0,48145.0,48710.0,48910.0,48965.0,48590.0,48245.0,47930.0,48765.0,49020.0,47145.0,47285.0,46740.0,46730.0,46295.0,47410.0,47115.0,46270.0,46510.0,47215.0,48315.0,48805.0,46810.0,46265.0,45730.0,46300.0,4.773739256497877,-6.006006006006006,-4.111007559283421,False,True,Stop,2025-07-22,-4.0,30
RANGE_BREAKOUT_VOLUME_RSI_65_68,TITAN,2025-06-25,BUY,20D High Breakout,3652.199951171875,3512.588015770823,3477.3039990234374,3386.494250488281,65.93424005867436,2697912.0,926148.5,2.9130447223096514,5.554694823587406,3.974617426644462,3382479506.4779053,3694.699951171875,3666.199951171875,3690.199951171875,3700.5,3708.0,3678.699951171875,3686.89990234375,3666.10009765625,3441.300048828125,3432.10009765625,3419.800048828125,3361.60009765625,3404.699951171875,3415.0,3417.300048828125,3433.300048828125,3402.89990234375,3433.0,3472.39990234375,3471.39990234375,3484.39990234375,3462.800048828125,3393.0,3379.199951171875,3376.5,3347.300048828125,3316.0,3356.300048828125,3418.199951171875,3417.699951171875,2.034391594695807,-9.451836038196959,-6.420787556408471,False,True,Stop,2025-07-08,-4.0,30
RANGE_BREAKOUT_VOLUME_RSI_65_68,DALBHARAT,2025-06-26,BUY,20D High Breakout,2191.800048828125,2081.9607433530464,2031.452001953125,1867.1412469482423,67.8622839625832,727820.0,271718.3,2.6785829294530403,0.20942695866615893,5.275762563043329,595552183.2074951,2208.60009765625,2207.60009765625,2188.89990234375,2220.10009765625,2209.800048828125,2179.300048828125,2154.39990234375,2154.0,2175.800048828125,2171.699951171875,2176.39990234375,2159.10009765625,2182.300048828125,2164.199951171875,2189.60009765625,2251.800048828125,2262.199951171875,2320.199951171875,2269.699951171875,2269.10009765625,2230.39990234375,2205.300048828125,2198.60009765625,2239.5,2235.5,2204.39990234375,2226.800048828125,2242.699951171875,2250.800048828125,2267.10009765625,6.89843725720857,-3.19372198378344,3.4355345903192753,True,False,Target,2025-07-22,5.0,30
RANGE_BREAKOUT_VOLUME_RSI_65_68,HDFCBANK,2025-06-26,BUY,20D High Breakout,1010.9000244140625,976.0875754580815,967.807998046875,891.4751245117187,67.96935738145274,50084830.0,20299799.0,2.4672574344209024,0.26145364420324385,3.5665292573408105,20521067304.70056,1007.4500122070312,1000.75,1006.0499877929688,993.0,993.5499877929688,994.6500244140625,993.7000122070312,1000.7000122070312,1005.5999755859375,1003.0999755859375,991.8499755859375,991.5,997.75,998.1500244140625,993.4500122070312,978.7000122070312,1000.25,1003.5499877929688,1012.1500244140625,1007.0999755859375,1002.2999877929688,1004.25,1010.7999877929688,1012.9000244140625,1009.0999755859375,1006.0999755859375,996.0,988.7999877929688,992.6500244140625,997.7000122070312,0.7864230863465403,-3.4029106324338483,-1.305768314199244,False,False,Time,2025-08-07,-1.305768314199244,30
RANGE_BREAKOUT_VOLUME_RSI_65_68,LLOYDSME,2025-06-26,BUY,20D High Breakout,1548.0,1472.7491183778134,1366.6999951171874,1168.2197473144531,65.43578973741776,1464195.0,633489.35,2.3113174672944385,0.6418485237483954,5.1095519721018805,980641513.8,1548.4000244140625,1588.9000244140625,1580.4000244140625,1525.0999755859375,1531.199951171875,1553.699951171875,1528.699951171875,1488.300048828125,1480.199951171875,1522.5,1488.9000244140625,1478.300048828125,1478.5,1488.4000244140625,1472.0999755859375,1472.5999755859375,1529.4000244140625,1530.800048828125,1526.800048828125,1533.4000244140625,1504.300048828125,1470.5,1484.0999755859375,1518.199951171875,1504.699951171875,1445.5999755859375,1474.5999755859375,1451.0999755859375,1455.9000244140625,1430.699951171875,4.1343669250646,-8.953486794957202,-7.577522534116603,False,True,Stop,2025-07-08,-4.0,30
RANGE_BREAKOUT_VOLUME_RSI_65_68,TDPOWERSYS,2025-06-26,BUY,20D High Breakout,540.1500244140625,507.8615033796559,474.2150018310547,418.55724990844726,66.33335693600343,2295364.0,1006106.4,2.2814326596073733,1.0804804524861893,6.357741395939011,543448396.5231446,505.25,499.5,499.54998779296875,499.25,493.70001220703125,494.54998779296875,487.54998779296875,479.95001220703125,495.54998779296875,500.1499938964844,487.95001220703125,494.29998779296875,496.70001220703125,495.54998779296875,499.1000061035156,496.8500061035156,494.70001220703125,489.6000061035156,483.45001220703125,480.1000061035156,468.54998779296875,467.04998779296875,489.75,516.2000122070312,510.1000061035156,504.95001220703125,512.0999755859375,505.04998779296875,512.4000244140625,508.0,2.332680739875103,-16.115896394705516,-5.952054607224691,False,True,Stop,2025-06-27,-4.0,30
BE_VOLUME_REVERSAL_HIGH_CONFIDENCE,INDIGO,2025-06-27,BUY,Bullish Engulfing,5816.0,5496.8999629587315,5435.72,4743.6027551269535,66.20307821213157,2751255.0,1267969.0,2.1698125111891535,0.4706083682724395,5.805090854691695,7374507704.0,5976.5,5965.0,5956.0,5766.0,5753.0,5748.0,5802.0,5852.0,5840.0,5917.5,5940.5,5930.5,5950.0,5796.5,5861.0,5878.0,5948.0,5897.0,5844.0,5803.0,5762.0,5756.0,5740.0,5910.5,5788.5,5780.5,5781.5,5893.5,5859.0,5769.5,3.473177441540578,-3.6021320495185694,-0.7995185694635488,False,False,Time,2025-08-08,-0.7995185694635488,30
BE_VOLUME_REVERSAL_RSI_65_68,INDIGO,2025-06-27,BUY,Bullish Engulfing,5816.0,5496.8999629587315,5435.72,4743.6027551269535,66.20307821213157,2751255.0,1267969.0,2.1698125111891535,0.4706083682724395,5.805090854691695,7374507704.0,5976.5,5965.0,5956.0,5766.0,5753.0,5748.0,5802.0,5852.0,5840.0,5917.5,5940.5,5930.5,5950.0,5796.5,5861.0,5878.0,5948.0,5897.0,5844.0,5803.0,5762.0,5756.0,5740.0,5910.5,5788.5,5780.5,5781.5,5893.5,5859.0,5769.5,3.473177441540578,-3.6021320495185694,-0.7995185694635488,False,False,Time,2025-08-08,-0.7995185694635488,30
RANGE_BREAKOUT_VOLUME_RSI_65_68,INDIGO,2025-06-27,BUY,20D High Breakout,5816.0,5496.8999629587315,5435.72,4743.6027551269535,66.20307821213157,2751255.0,1267969.0,2.1698125111891535,0.4706083682724395,5.805090854691695,7374507704.0,5976.5,5965.0,5956.0,5766.0,5753.0,5748.0,5802.0,5852.0,5840.0,5917.5,5940.5,5930.5,5950.0,5796.5,5861.0,5878.0,5948.0,5897.0,5844.0,5803.0,5762.0,5756.0,5740.0,5910.5,5788.5,5780.5,5781.5,5893.5,5859.0,5769.5,3.473177441540578,-3.6021320495185694,-0.7995185694635488,False,False,Time,2025-08-08,-0.7995185694635488,30
RANGE_BREAKOUT_VOLUME_RSI_65_68,SRF,2025-06-27,BUY,20D High Breakout,3174.800048828125,3058.9787201957015,3003.107998046875,2648.7392456054686,67.18673727134237,2238985.0,728382.9,3.07391208662367,0.42342313437413115,3.7862744146521456,2312470066.4855714,3242.10009765625,3200.0,3255.60009765625,3232.0,3230.5,3239.39990234375,3286.5,3280.5,3259.60009765625,3182.5,3169.39990234375,3223.60009765625,3201.199951171875,3202.5,3187.10009765625,3130.39990234375,3136.5,3193.0,3150.39990234375,3040.800048828125,3056.60009765625,3110.0,3086.5,3040.800048828125,2985.199951171875,3050.39990234375,3042.800048828125,2968.89990234375,2904.10009765625,2861.199951171875,4.731005066832996,-10.391210199399707,-9.877790501231893,False,True,Stop,2025-07-25,-4.0,30
BE_VOLUME_HC_COOL_RVOL,SHARDACROP,2025-07-02,BUY,Bullish Engulfing,844.7999877929688,785.1073405994114,691.8439965820312,660.1947505187989,65.91859232665072,675524.0,307911.1,2.193892977550988,4.7146389515005245,7.603119230547942,260123293.52131957,886.9000244140625,918.4000244140625,853.5,833.75,837.2999877929688,838.0,827.8499755859375,781.2000122070312,796.3499755859375,797.25,799.0499877929688,839.75,868.5999755859375,878.2000122070312,883.0999755859375,908.75,1087.0999755859375,1090.449951171875,1155.3499755859375,1123.3499755859375,1137.550048828125,1106.9000244140625,1099.4000244140625,1130.300048828125,1054.5999755859375,994.4000244140625,990.4000244140625,979.0999755859375,979.5,989.5,39.79640353515514,-8.250475049025724,17.128316086397984,True,True,Target,2025-07-03,5.0,30
BE_VOLUME_HC_MID_52W,SHARDACROP,2025-07-02,BUY,Bullish Engulfing,844.7999877929688,785.1073405994114,691.8439965820312,660.1947505187989,65.91859232665072,675524.0,307911.1,2.193892977550988,4.7146389515005245,7.603119230547942,260123293.52131957,886.9000244140625,918.4000244140625,853.5,833.75,837.2999877929688,838.0,827.8499755859375,781.2000122070312,796.3499755859375,797.25,799.0499877929688,839.75,868.5999755859375,878.2000122070312,883.0999755859375,908.75,1087.0999755859375,1090.449951171875,1155.3499755859375,1123.3499755859375,1137.550048828125,1106.9000244140625,1099.4000244140625,1130.300048828125,1054.5999755859375,994.4000244140625,990.4000244140625,979.0999755859375,979.5,989.5,39.79640353515514,-8.250475049025724,17.128316086397984,True,True,Target,2025-07-03,5.0,30
BE_VOLUME_REVERSAL_HIGH_CONFIDENCE,SHARDACROP,2025-07-02,BUY,Bullish Engulfing,844.7999877929688,785.1073405994114,691.8439965820312,660.1947505187989,65.91859232665072,675524.0,307911.1,2.193892977550988,4.7146389515005245,7.603119230547942,260123293.52131957,886.9000244140625,918.4000244140625,853.5,833.75,837.2999877929688,838.0,827.8499755859375,781.2000122070312,796.3499755859375,797.25,799.0499877929688,839.75,868.5999755859375,878.2000122070312,883.0999755859375,908.75,1087.0999755859375,1090.449951171875,1155.3499755859375,1123.3499755859375,1137.550048828125,1106.9000244140625,1099.4000244140625,1130.300048828125,1054.5999755859375,994.4000244140625,990.4000244140625,979.0999755859375,979.5,989.5,39.79640353515514,-8.250475049025724,17.128316086397984,True,True,Target,2025-07-03,5.0,30
BE_VOLUME_REVERSAL_RSI_65_68,SHARDACROP,2025-07-02,BUY,Bullish Engulfing,844.7999877929688,785.1073405994114,691.8439965820312,660.1947505187989,65.91859232665072,675524.0,307911.1,2.193892977550988,4.7146389515005245,7.603119230547942,260123293.52131957,886.9000244140625,918.4000244140625,853.5,833.75,837.2999877929688,838.0,827.8499755859375,781.2000122070312,796.3499755859375,797.25,799.0499877929688,839.75,868.5999755859375,878.2000122070312,883.0999755859375,908.75,1087.0999755859375,1090.449951171875,1155.3499755859375,1123.3499755859375,1137.550048828125,1106.9000244140625,1099.4000244140625,1130.300048828125,1054.5999755859375,994.4000244140625,990.4000244140625,979.0999755859375,979.5,989.5,39.79640353515514,-8.250475049025724,17.128316086397984,True,True,Target,2025-07-03,5.0,30
BE_VOLUME_REVERSAL_RSI_65_68,RAINBOW,2025-07-03,BUY,Bullish Engulfing,1586.0999755859375,1479.6287311039505,1411.8399951171875,1440.0544970703124,65.8283393588504,269986.0,223507.35,1.2079513268803017,7.223912129366543,7.1958081269852645,354505002.3782776,1599.4000244140625,1573.0999755859375,1540.699951171875,1525.800048828125,1535.0999755859375,1527.199951171875,1531.4000244140625,1526.5999755859375,1542.5999755859375,1535.0,1526.5,1505.699951171875,1520.9000244140625,1534.5,1623.9000244140625,1556.4000244140625,1540.800048828125,1525.0999755859375,1517.199951171875,1524.4000244140625,1526.5999755859375,1502.5999755859375,1502.699951171875,1484.4000244140625,1483.0999755859375,1468.5,1503.9000244140625,1537.5999755859375,1548.199951171875,1552.5,3.7576430555028573,-8.517746527045297,-2.118402124905461,False,True,Stop,2025-07-09,-4.0,30
RANGE_BREAKOUT_VOLUME_RSI_65_68,THYROCARE,2025-07-07,BUY,20D High Breakout,357.3666687011719,333.70041426981743,326.6499987792969,292.1023331451416,66.36444176230185,412011.0,144784.5,2.8456844482662165,1.1889367503908712,7.092066242452673,51741154.44456482,356.1333312988281,364.95001220703125,360.6166687011719,361.8166809082031,387.1499938964844,388.23333740234375,399.4666748046875,387.04998779296875,394.7833251953125,397.6666564941406,395.8333435058594,401.8333435058594,445.6833190917969,437.3833312988281,415.45001220703125,422.54998779296875,433.45001220703125,441.9666748046875,440.26666259765625,450.9666748046875,440.26666259765625,448.73333740234375,449.1000061035156,445.79998779296875,443.0666809082031,450.1666564941406,458.73333740234375,461.23333740234375,466.6333312988281,461.9333190917969,33.84945642645795,-4.873609661874857,29.260325472061044,True,True,Stop,2025-07-08,-4.0,30
MOMENTUM_PULLBACK_TIGHT_EMA,MFSL,2025-07-10,BUY,21 EMA Reclaim,1582.800048828125,1579.7024188644652,1489.6639990234376,1228.658752746582,55.27032137697464,922722.0,1135067.6,0.8129225078753018,5.0452921203537535,0.19608946132312816,1796585052.7032228,1567.199951171875,1578.5,1582.800048828125,1569.300048828125,1537.5999755859375,1539.0999755859375,1541.699951171875,1562.4000244140625,1549.699951171875,1525.800048828125,1526.699951171875,1527.5,1504.9000244140625,1508.199951171875,1501.4000244140625,1472.5,1481.5999755859375,1475.4000244140625,1489.699951171875,1504.9000244140625,1551.5,1556.4000244140625,1588.4000244140625,1588.0,1598.300048828125,1640.199951171875,1637.300048828125,1643.5999755859375,1659.199951171875,1638.699951171875,5.81248402589544,-8.320701868798634,3.5317096676321955,True,True,Stop,2025-07-17,-4.0,30
BE_VOLUME_HC_BALANCED,MANORAMA,2025-07-14,BUY,Bullish Engulfing,1525.5,1445.562017281868,1405.6059936523438,1129.5052465820313,63.387513649880425,294543.0,142262.55,2.0704183919098877,2.8343949044585988,5.529889535174813,217021520.02499998,1607.300048828125,1589.9000244140625,1592.800048828125,1560.199951171875,1559.5,1591.4000244140625,1588.9000244140625,1592.0,1576.800048828125,1687.0,1544.0999755859375,1528.4000244140625,1521.699951171875,1487.199951171875,1455.5999755859375,1421.800048828125,1404.5999755859375,1432.0,1387.800048828125,1384.199951171875,1350.800048828125,1353.699951171875,1376.4000244140625,1389.800048828125,1408.800048828125,1407.0,1399.5,1414.0,1398.5,1371.9000244140625,15.372009177318912,-11.825632541072599,-10.068828291441331,True,True,Target,2025-07-15,5.0,30
BE_VOLUME_HC_COOL_RVOL,BLUEJET,2025-07-14,BUY,Bullish Engulfing,953.75,891.0790193761031,858.8870043945312,691.2047512817383,63.4126596720016,690898.0,309707.95,2.230804859868789,3.27079107505071,7.03315634877999,295383957.3125,961.0999755859375,957.3499755859375,970.7000122070312,1010.2000122070312,1006.7999877929688,906.1500244140625,816.7000122070312,812.0499877929688,789.25,795.2999877929688,803.9500122070312,796.3499755859375,805.9500122070312,796.2999877929688,787.2000122070312,791.5,760.6500244140625,779.0,805.0999755859375,800.0999755859375,776.6500244140625,791.75,788.7999877929688,781.1500244140625,781.5999755859375,776.75,770.7000122070312,775.3499755859375,736.5999755859375,707.4000244140625,7.764094241480995,-26.264744429882043,-25.829617361566186,True,True,Target,2025-07-18,5.0,30
BE_VOLUME_HC_COOL_RVOL,MANORAMA,2025-07-14,BUY,Bullish Engulfing,1525.5,1445.562017281868,1405.6059936523438,1129.5052465820313,63.387513649880425,294543.0,142262.55,2.0704183919098877,2.8343949044585988,5.529889535174813,217021520.02499998,1607.300048828125,1589.9000244140625,1592.800048828125,1560.199951171875,1559.5,1591.4000244140625,1588.9000244140625,1592.0,1576.800048828125,1687.0,1544.0999755859375,1528.4000244140625,1521.699951171875,1487.199951171875,1455.5999755859375,1421.800048828125,1404.5999755859375,1432.0,1387.800048828125,1384.199951171875,1350.800048828125,1353.699951171875,1376.4000244140625,1389.800048828125,1408.800048828125,1407.0,1399.5,1414.0,1398.5,1371.9000244140625,15.372009177318912,-11.825632541072599,-10.068828291441331,True,True,Target,2025-07-15,5.0,30
BE_VOLUME_HC_EARLY_SURGE,MANORAMA,2025-07-14,BUY,Bullish Engulfing,1525.5,1445.562017281868,1405.6059936523438,1129.5052465820313,63.387513649880425,294543.0,142262.55,2.0704183919098877,2.8343949044585988,5.529889535174813,217021520.02499998,1607.300048828125,1589.9000244140625,1592.800048828125,1560.199951171875,1559.5,1591.4000244140625,1588.9000244140625,1592.0,1576.800048828125,1687.0,1544.0999755859375,1528.4000244140625,1521.699951171875,1487.199951171875,1455.5999755859375,1421.800048828125,1404.5999755859375,1432.0,1387.800048828125,1384.199951171875,1350.800048828125,1353.699951171875,1376.4000244140625,1389.800048828125,1408.800048828125,1407.0,1399.5,1414.0,1398.5,1371.9000244140625,15.372009177318912,-11.825632541072599,-10.068828291441331,True,True,Target,2025-07-15,5.0,30
BE_VOLUME_HC_MID_52W,BLUEJET,2025-07-14,BUY,Bullish Engulfing,953.75,891.0790193761031,858.8870043945312,691.2047512817383,63.4126596720016,690898.0,309707.95,2.230804859868789,3.27079107505071,7.03315634877999,295383957.3125,961.0999755859375,957.3499755859375,970.7000122070312,1010.2000122070312,1006.7999877929688,906.1500244140625,816.7000122070312,812.0499877929688,789.25,795.2999877929688,803.9500122070312,796.3499755859375,805.9500122070312,796.2999877929688,787.2000122070312,791.5,760.6500244140625,779.0,805.0999755859375,800.0999755859375,776.6500244140625,791.75,788.7999877929688,781.1500244140625,781.5999755859375,776.75,770.7000122070312,775.3499755859375,736.5999755859375,707.4000244140625,7.764094241480995,-26.264744429882043,-25.829617361566186,True,True,Target,2025-07-18,5.0,30
BE_VOLUME_HC_MID_52W,MANORAMA,2025-07-14,BUY,Bullish Engulfing,1525.5,1445.562017281868,1405.6059936523438,1129.5052465820313,63.387513649880425,294543.0,142262.55,2.0704183919098877,2.8343949044585988,5.529889535174813,217021520.02499998,1607.300048828125,1589.9000244140625,1592.800048828125,1560.199951171875,1559.5,1591.4000244140625,1588.9000244140625,1592.0,1576.800048828125,1687.0,1544.0999755859375,1528.4000244140625,1521.699951171875,1487.199951171875,1455.5999755859375,1421.800048828125,1404.5999755859375,1432.0,1387.800048828125,1384.199951171875,1350.800048828125,1353.699951171875,1376.4000244140625,1389.800048828125,1408.800048828125,1407.0,1399.5,1414.0,1398.5,1371.9000244140625,15.372009177318912,-11.825632541072599,-10.068828291441331,True,True,Target,2025-07-15,5.0,30
BE_VOLUME_REVERSAL_HIGH_CONFIDENCE,BLUEJET,2025-07-14,BUY,Bullish Engulfing,953.75,891.0790193761031,858.8870043945312,691.2047512817383,63.4126596720016,690898.0,309707.95,2.230804859868789,3.27079107505071,7.03315634877999,295383957.3125,961.0999755859375,957.3499755859375,970.7000122070312,1010.2000122070312,1006.7999877929688,906.1500244140625,816.7000122070312,812.0499877929688,789.25,795.2999877929688,803.9500122070312,796.3499755859375,805.9500122070312,796.2999877929688,787.2000122070312,791.5,760.6500244140625,779.0,805.0999755859375,800.0999755859375,776.6500244140625,791.75,788.7999877929688,781.1500244140625,781.5999755859375,776.75,770.7000122070312,775.3499755859375,736.5999755859375,707.4000244140625,7.764094241480995,-26.264744429882043,-25.829617361566186,True,True,Target,2025-07-18,5.0,30
BE_VOLUME_REVERSAL_HIGH_CONFIDENCE,MANORAMA,2025-07-14,BUY,Bullish Engulfing,1525.5,1445.562017281868,1405.6059936523438,1129.5052465820313,63.387513649880425,294543.0,142262.55,2.0704183919098877,2.8343949044585988,5.529889535174813,217021520.02499998,1607.300048828125,1589.9000244140625,1592.800048828125,1560.199951171875,1559.5,1591.4000244140625,1588.9000244140625,1592.0,1576.800048828125,1687.0,1544.0999755859375,1528.4000244140625,1521.699951171875,1487.199951171875,1455.5999755859375,1421.800048828125,1404.5999755859375,1432.0,1387.800048828125,1384.199951171875,1350.800048828125,1353.699951171875,1376.4000244140625,1389.800048828125,1408.800048828125,1407.0,1399.5,1414.0,1398.5,1371.9000244140625,15.372009177318912,-11.825632541072599,-10.068828291441331,True,True,Target,2025-07-15,5.0,30
BE_VOLUME_REVERSAL_RSI_65_68,INSECTICID,2025-07-14,BUY,Bullish Engulfing,977.4000244140625,936.6451001858312,852.7610034179687,736.940500793457,66.07814495616469,95438.0,79462.55,1.201043762124422,9.85473604666244,4.351159710347652,77666698.31000367,1004.25,995.5,989.9500122070312,977.9500122070312,1007.2999877929688,1004.25,990.6500244140625,992.2999877929688,1046.300048828125,1018.4000244140625,1061.25,1071.8499755859375,1072.3499755859375,1035.199951171875,1044.4000244140625,1041.699951171875,1035.300048828125,1019.2000122070312,974.2999877929688,977.0999755859375,1022.4000244140625,906.2999877929688,858.5999755859375,823.2000122070312,844.2999877929688,855.4000244140625,862.7999877929688,849.5,826.2000122070312,819.4000244140625,12.338855389146882,-17.127073893252298,-16.16533620353844,True,True,Target,2025-07-25,5.0,30
MOMENTUM_PULLBACK_TIGHT_EMA,BAJAJHLDNG,2025-07-14,BUY,21 EMA Reclaim,14148.0,13941.417635332049,13503.88,11782.398969726562,56.109782078052774,57795.0,47476.05,1.2173506431137384,4.016282225237449,1.481788797033127,671691155.4000001,14164.0,14095.0,14100.0,13848.0,14035.0,14070.0,13973.0,14165.0,13852.0,13802.0,14062.0,14059.0,13963.0,13848.0,13899.0,13861.0,13607.0,13780.0,13718.0,14047.0,13805.0,13917.0,14136.0,14523.0,13785.0,13642.0,13700.0,13545.0,13265.0,12997.0,4.346904156064461,-9.245122985581,-8.135425501837716,False,True,Stop,2025-07-28,-4.0,30
MOMENTUM_PULLBACK_TIGHT_EMA,CANBK,2025-07-14,BUY,21 EMA Reclaim,113.66999816894531,112.50050762694254,109.97360000610351,100.27569992065429,55.923985424156335,27221603.0,19940759.45,1.3651236838925913,4.7191992781173235,1.0395424577823837,2266666090.168879,114.87000274658203,117.02999877929688,115.52999877929688,114.44999694824219,112.02999877929688,108.05000305175781,107.80000305175781,113.51000213623047,110.76000213623047,110.41000366210938,110.08999633789062,108.19999694824219,107.25,105.88999938964844,107.75,107.45999908447266,108.7699966430664,108.80000305175781,107.88999938964844,109.4800033569336,109.55000305175781,108.98999786376953,109.26000213623047,109.33999633789062,111.66999816894531,112.27999877929688,111.06999969482422,109.93000030517578,108.81999969482422,106.01000213623047,3.36940432194099,-6.967536110253109,-6.738801932001401,False,True,Stop,2025-07-22,-4.0,30
BE_VOLUME_REVERSAL_HIGH_CONFIDENCE,AIIL,2025-07-15,BUY,Bullish Engulfing,550.9600219726562,519.998770603899,481.07559997558593,374.2479005432129,63.07637346385342,4436170.0,1291378.0,3.4352219102385204,2.657239934159673,5.954100878507953,711497651.2550049,538.4199829101562,558.7000122070312,560.9600219726562,577.0,577.5999755859375,577.7999877929688,561.6199951171875,548.1599731445312,536.8200073242188,565.1199951171875,567.719970703125,555.239990234375,551.260009765625,558.6400146484375,575.239990234375,580.02001953125,573.6799926757812,568.719970703125,575.52001953125,575.8800048828125,597.52001953125,579.5399780273438,593.4600219726562,581.9600219726562,572.1199951171875,580.739990234375,596.6199951171875,608.4199829101562,625.1400146484375,639.280029296875,16.52388093447949,-17.743575916017505,16.03020251959443,True,True,Target,2025-07-22,5.0,30
MOMENTUM_PULLBACK_TIGHT_EMA,COFORGE,2025-07-15,BUY,21 EMA Reclaim,1893.9000244140625,1877.1149523295348,1779.427998046875,1647.2804516601564,57.7955322669776,1579538.0,1576101.4,1.0021804434663912,5.558102373223519,0.8941952150398178,2984978479.939038,1882.4000244140625,1865.300048828125,1859.300048828125,1874.300048828125,1858.4000244140625,1849.699951171875,1676.0,1688.800048828125,1724.699951171875,1720.5,1749.5,1748.199951171875,1706.300048828125,1746.5,1706.699951171875,1638.300048828125,1704.0999755859375,1606.800048828125,1613.9000244140625,1625.4000244140625,1621.699951171875,1642.0,1655.5,1652.699951171875,1708.4000244140625,1728.199951171875,1747.699951171875,1764.0,1739.300048828125,1737.199951171875,0.021121728122172667,-16.3472185223569,-8.27393585839715,False,True,Stop,2025-07-24,-4.0,30
RANGE_BREAKOUT_VOLUME_RSI_65_68,CHOICEIN,2025-07-16,BUY,20D High Breakout,747.0999755859375,705.4371281722629,696.5509997558594,562.8792518615722,66.144160910105,1232372.0,496053.05,2.4843552519231564,0.6053414062843838,5.905961814289543,370601221.5443298,756.2999877929688,753.0499877929688,761.25,763.9000244140625,761.2999877929688,762.2000122070312,752.0999755859375,736.7999877929688,739.7999877929688,744.1500244140625,762.2000122070312,752.7999877929688,752.2999877929688,752.7999877929688,739.2999877929688,739.4500122070312,740.75,765.4500122070312,789.1500244140625,802.5,801.7000122070312,814.9500122070312,819.0999755859375,796.9500122070312,786.4000244140625,803.25,804.3499755859375,802.75,796.75,796.0,10.40021613520901,-3.6340468834325694,6.545312008036282,True,False,Target,2025-07-22,5.0,30
RANGE_BREAKOUT_VOLUME_RSI_65_68,HDFCAMC,2025-07-16,BUY,20D High Breakout,2676.75,2551.087436741027,2463.0779931640627,2173.453998413086,66.96788315051633,1613654.0,766860.1,2.1042351792719427,0.21435228331780054,4.9258430522281484,2052692772.675,2755.0,2795.0,2811.0,2796.25,2799.5,2781.5,2775.75,2781.75,2813.75,2835.0,2825.0,2807.5,2842.5,2836.75,2840.5,2832.25,2781.0,2750.5,2733.0,2740.75,2745.5,2858.5,2859.5,2854.75,2897.0,2914.0,2946.0,2879.75,2791.0,2731.5,10.721957597833192,-0.20547305501074065,2.045390865788736,True,False,Target,2025-07-18,5.0,30
BE_VOLUME_HC_BALANCED,LUMAXTECH,2025-07-17,BUY,Bullish Engulfing,1153.0999755859375,1107.3975131699303,945.128994140625,649.3977476501465,64.41149569990452,215084.0,134227.4,1.6023852060011592,4.623657933338503,4.1270150846902,154777611.66296387,1145.4000244140625,1144.0,1141.5,1140.9000244140625,1090.0,1037.4000244140625,1040.4000244140625,1072.5999755859375,1112.0,1101.9000244140625,1089.0,1148.0,1196.5999755859375,1154.9000244140625,1039.0999755859375,992.0,1043.300048828125,1023.5999755859375,1012.0,1004.7000122070312,1100.300048828125,1134.300048828125,1162.300048828125,1142.4000244140625,1142.199951171875,1139.0,1136.800048828125,1119.4000244140625,1174.699951171875,1240.9000244140625,8.750327512823947,-17.257827093342875,7.614261615391172,True,True,Stop,2025-07-24,-4.0,30
BE_VOLUME_HC_COOL_RVOL,LUMAXTECH,2025-07-17,BUY,Bullish Engulfing,1153.0999755859375,1107.3975131699303,945.128994140625,649.3977476501465,64.41149569990452,215084.0,134227.4,1.6023852060011592,4.623657933338503,4.1270150846902,154777611.66296387,1145.4000244140625,1144.0,1141.5,1140.9000244140625,1090.0,1037.4000244140625,1040.4000244140625,1072.5999755859375,1112.0,1101.9000244140625,1089.0,1148.0,1196.5999755859375,1154.9000244140625,1039.0999755859375,992.0,1043.300048828125,1023.5999755859375,1012.0,1004.7000122070312,1100.300048828125,1134.300048828125,1162.300048828125,1142.4000244140625,1142.199951171875,1139.0,1136.800048828125,1119.4000244140625,1174.699951171875,1240.9000244140625,8.750327512823947,-17.257827093342875,7.614261615391172,True,True,Stop,2025-07-24,-4.0,30
BE_VOLUME_HC_EARLY_SURGE,LUMAXTECH,2025-07-17,BUY,Bullish Engulfing,1153.0999755859375,1107.3975131699303,945.128994140625,649.3977476501465,64.41149569990452,215084.0,134227.4,1.6023852060011592,4.623657933338503,4.1270150846902,154777611.66296387,1145.4000244140625,1144.0,1141.5,1140.9000244140625,1090.0,1037.4000244140625,1040.4000244140625,1072.5999755859375,1112.0,1101.9000244140625,1089.0,1148.0,1196.5999755859375,1154.9000244140625,1039.0999755859375,992.0,1043.300048828125,1023.5999755859375,1012.0,1004.7000122070312,1100.300048828125,1134.300048828125,1162.300048828125,1142.4000244140625,1142.199951171875,1139.0,1136.800048828125,1119.4000244140625,1174.699951171875,1240.9000244140625,8.750327512823947,-17.257827093342875,7.614261615391172,True,True,Stop,2025-07-24,-4.0,30
BE_VOLUME_HC_MID_52W,LUMAXTECH,2025-07-17,BUY,Bullish Engulfing,1153.0999755859375,1107.3975131699303,945.128994140625,649.3977476501465,64.41149569990452,215084.0,134227.4,1.6023852060011592,4.623657933338503,4.1270150846902,154777611.66296387,1145.4000244140625,1144.0,1141.5,1140.9000244140625,1090.0,1037.4000244140625,1040.4000244140625,1072.5999755859375,1112.0,1101.9000244140625,1089.0,1148.0,1196.5999755859375,1154.9000244140625,1039.0999755859375,992.0,1043.300048828125,1023.5999755859375,1012.0,1004.7000122070312,1100.300048828125,1134.300048828125,1162.300048828125,1142.4000244140625,1142.199951171875,1139.0,1136.800048828125,1119.4000244140625,1174.699951171875,1240.9000244140625,8.750327512823947,-17.257827093342875,7.614261615391172,True,True,Stop,2025-07-24,-4.0,30
BE_VOLUME_REVERSAL_HIGH_CONFIDENCE,LUMAXTECH,2025-07-17,BUY,Bullish Engulfing,1153.0999755859375,1107.3975131699303,945.128994140625,649.3977476501465,64.41149569990452,215084.0,134227.4,1.6023852060011592,4.623657933338503,4.1270150846902,154777611.66296387,1145.4000244140625,1144.0,1141.5,1140.9000244140625,1090.0,1037.4000244140625,1040.4000244140625,1072.5999755859375,1112.0,1101.9000244140625,1089.0,1148.0,1196.5999755859375,1154.9000244140625,1039.0999755859375,992.0,1043.300048828125,1023.5999755859375,1012.0,1004.7000122070312,1100.300048828125,1134.300048828125,1162.300048828125,1142.4000244140625,1142.199951171875,1139.0,1136.800048828125,1119.4000244140625,1174.699951171875,1240.9000244140625,8.750327512823947,-17.257827093342875,7.614261615391172,True,True,Stop,2025-07-24,-4.0,30
BE_VOLUME_REVERSAL_RSI_65_68,BORORENEW,2025-07-17,BUY,Bullish Engulfing,580.7999877929688,540.1095851709736,542.5270043945312,515.7120008850097,65.86902850696846,689571.0,573667.4,1.2020397184849618,9.799663647864225,7.533730883356663,333186018.9172241,586.0,630.75,621.2999877929688,625.0499877929688,649.4000244140625,625.0,611.7000122070312,607.75,608.4500122070312,613.5,616.25,613.4500122070312,609.3499755859375,604.1500244140625,599.4000244140625,587.5999755859375,594.0499877929688,587.25,589.0999755859375,565.5999755859375,573.7000122070312,576.0499877929688,565.8499755859375,561.0999755859375,566.8499755859375,562.0499877929688,549.9500122070312,547.0999755859375,551.7000122070312,574.8499755859375,13.619152597036496,-7.257225252203512,-1.024451159105772,True,True,Target,2025-07-21,5.0,30
BE_VOLUME_REVERSAL_RSI_65_68,ECLERX,2025-07-17,BUY,Bullish Engulfing,1834.550048828125,1747.6964487819878,1707.8409985351564,1575.1672509765624,67.34524680292391,347966.0,102210.0,3.404422267879855,5.362391084440289,4.969604424536516,187509360.49072266,1857.8499755859375,1856.0999755859375,1868.0,1840.9000244140625,1829.5,1823.4000244140625,1887.050048828125,1861.0,1892.050048828125,1883.5999755859375,1899.5999755859375,2043.6500244140625,1988.550048828125,1975.800048828125,2057.25,2054.64990234375,2054.449951171875,2047.1500244140625,1994.6500244140625,1998.5999755859375,1956.25,2020.5999755859375,1994.949951171875,1999.25,1948.75,2119.39990234375,2227.449951171875,2122.550048828125,2110.64990234375,2248.39990234375,26.461526709613132,-1.4717505263618769,22.558657027644692,True,False,Target,2025-07-25,5.0,30
MOMENTUM_PULLBACK_TIGHT_EMA,BAJFINANCE,2025-07-18,BUY,21 EMA Reclaim,942.0,928.5993216466244,923.9260009765625,811.5553494262696,55.67031868602639,7893820.0,7284582.15,1.0836338773391414,3.7597045619040723,1.4431066274755688,6862076385.3,948.4500122070312,952.5499877929688,968.2999877929688,958.9500122070312,913.75,880.5,886.5499877929688,884.8499755859375,881.2000122070312,875.5999755859375,885.2999877929688,891.9000244140625,876.6500244140625,879.0999755859375,877.1500244140625,877.7999877929688,853.0,860.0,861.4500122070312,905.2000122070312,902.2999877929688,887.7999877929688,895.5999755859375,894.5,900.7999877929688,876.25,876.8499755859375,877.8499755859375,889.3499755859375,890.0999755859375,3.073249703506502,-9.872611464968154,-5.509556731853769,False,True,Stop,2025-07-25,-4.0,30
MOMENTUM_PULLBACK_TIGHT_EMA,LTF,2025-07-18,BUY,21 EMA Reclaim,203.14999389648438,201.46308586104834,189.7447998046875,159.29580032348633,56.10853184276983,20357652.0,8019809.3,2.5384209572165264,3.8115545303395955,0.8373285995428044,1629224210.3459685,210.5800018310547,209.2100067138672,213.50999450683594,210.10000610351562,204.91000366210938,201.99000549316406,206.02000427246094,203.39999389648438,202.58999633789062,201.13999938964844,204.02000427246094,204.27000427246094,201.6699981689453,200.27999877929688,195.75,197.9499969482422,197.77999877929688,201.33999633789062,202.0800018310547,210.4499969482422,217.02999877929688,216.52999877929688,221.7899932861328,222.6999969482422,217.69000244140625,220.0,216.44000244140625,217.16000366210938,222.58999633789062,221.92999267578125,10.991879154292764,-4.30716232482812,9.244400366000638,True,True,Target,2025-07-23,5.0,30
MOMENTUM_PULLBACK_TIGHT_EMA,ASHOKLEY,2025-07-21,BUY,21 EMA Reclaim,124.80000305175781,123.53221184128444,121.09639968872071,111.94872486114502,56.2687236916828,8377482.0,10179560.15,0.8229709217838848,5.68675161158531,1.0262839073117616,1270409137.7855523,124.0,124.5999984741211,124.80000305175781,121.94999694824219,122.75,123.30000305175781,121.9000015258789,121.05000305175781,120.3499984741211,122.5999984741211,121.97000122070312,120.7300033569336,119.80999755859375,115.41999816894531,120.0199966430664,119.36000061035156,119.7300033569336,121.95999908447266,131.75999450683594,133.27999877929688,133.10000610351562,131.00999450683594,131.1999969482422,131.00999450683594,131.3699951171875,129.82000732421875,126.9800033569336,128.02999877929688,130.38999938964844,130.22999572753906,7.62018771978066,-7.884618370725721,4.350955563301782,True,True,Stop,2025-07-31,-4.0,30
MOMENTUM_PULLBACK_TIGHT_EMA,HDFCBANK,2025-07-21,BUY,21 EMA Reclaim,1000.25,991.8304543188124,979.9040002441407,904.0186248779297,55.63942438394097,22309078.0,18375114.4,1.214091924238578,1.3122182381877205,0.8488896105706049,18379708178.6,1003.5499877929688,1012.1500244140625,1007.0999755859375,1002.2999877929688,1004.25,1010.7999877929688,1012.9000244140625,1009.0999755859375,1006.0999755859375,996.0,988.7999877929688,992.6500244140625,997.7000122070312,986.9500122070312,997.7999877929688,984.9500122070312,990.1500244140625,995.5499877929688,1001.7999877929688,995.5499877929688,994.0999755859375,995.5999755859375,982.2999877929688,982.0499877929688,973.4000244140625,957.7999877929688,951.5999755859375,950.5999755859375,944.5,954.4500122070312,1.8595326754248935,-6.023494126468383,-4.57885406578043,False,True,Stop,2025-08-28,-4.0,30
RANGE_BREAKOUT_VOLUME_RSI_65_68,GARFIBRES,2025-07-22,BUY,20D High Breakout,961.4000244140625,918.9163772074149,898.6640002441407,852.2757504272461,65.3671200620532,321088.0,69586.8,4.614208441830922,2.5334796442846965,4.623233219083033,66900751.218896486,936.5499877929688,933.1500244140625,899.4500122070312,888.5999755859375,885.3499755859375,912.5499877929688,898.7000122070312,895.0999755859375,886.9500122070312,877.6500244140625,856.8499755859375,863.2000122070312,833.5499877929688,822.5999755859375,823.0499877929688,807.4000244140625,788.5499877929688,817.25,812.9500122070312,818.4500122070312,815.5,814.9000244140625,799.7000122070312,774.8499755859375,769.7999877929688,766.0,764.25,765.1500244140625,774.9500122070312,761.9000244140625,0.89452625000492,-20.948618608243567,-20.750987615336065,False,True,Stop,2025-07-24,-4.0,30
RANGE_BREAKOUT_VOLUME_RSI_65_68,PENIND,2025-07-22,BUY,20D High Breakout,251.6999969482422,235.45574675959605,228.31459991455077,195.1326001739502,65.74082394291099,1590330.0,756988.5,2.100864147870146,2.3282945186548014,6.899067197213821,190534003.13985443,252.55999755859375,262.6700134277344,249.92999267578125,243.47000122070312,253.39999389648438,234.32000732421875,239.88999938964844,232.25,232.25999450683594,233.1699981689453,220.49000549316406,225.5800018310547,221.3699951171875,220.55999755859375,216.60000610351562,223.25999450683594,212.75,255.3000030517578,260.04998779296875,263.0199890136719,262.9800109863281,257.4700012207031,252.25999450683594,244.50999450683594,242.57000732421875,239.2899932861328,243.22000122070312,250.17999267578125,253.99000549316406,245.0800018310547,6.952727640432846,-16.062770427484345,-2.63011330848319,True,True,Target,2025-07-24,5.0,30
BE_VOLUME_HC_BALANCED,PGHL,2025-07-23,BUY,Bullish Engulfing,5932.5,5826.4111216188585,5729.05,5386.903999023438,62.65700716598618,18978.0,9558.4,1.9854787412119184,3.934904056351712,1.8208271981958062,56705208.0,5828.0,5810.5,5851.5,5935.0,5947.0,5895.5,6217.0,6284.5,6173.0,6152.5,6313.0,6343.0,6338.5,6336.0,6182.5,6295.0,6223.5,6291.0,6285.5,6338.5,6581.5,6414.0,6310.0,6298.5,6370.0,6311.0,6332.0,6316.5,6462.0,6465.0,13.594605983986515,-4.256215760640539,8.97597977243995,True,True,Stop,2025-07-25,-4.0,30
BE_VOLUME_HC_COOL_RVOL,PGHL,2025-07-23,BUY,Bullish Engulfing,5932.5,5826.4111216188585,5729.05,5386.903999023438,62.65700716598618,18978.0,9558.4,1.9854787412119184,3.934904056351712,1.8208271981958062,56705208.0,5828.0,5810.5,5851.5,5935.0,5947.0,5895.5,6217.0,6284.5,6173.0,6152.5,6313.0,6343.0,6338.5,6336.0,6182.5,6295.0,6223.5,6291.0,6285.5,6338.5,6581.5,6414.0,6310.0,6298.5,6370.0,6311.0,6332.0,6316.5,6462.0,6465.0,13.594605983986515,-4.256215760640539,8.97597977243995,True,True,Stop,2025-07-25,-4.0,30
BE_VOLUME_HC_EARLY_SURGE,PGHL,2025-07-23,BUY,Bullish Engulfing,5932.5,5826.4111216188585,5729.05,5386.903999023438,62.65700716598618,18978.0,9558.4,1.9854787412119184,3.934904056351712,1.8208271981958062,56705208.0,5828.0,5810.5,5851.5,5935.0,5947.0,5895.5,6217.0,6284.5,6173.0,6152.5,6313.0,6343.0,6338.5,6336.0,6182.5,6295.0,6223.5,6291.0,6285.5,6338.5,6581.5,6414.0,6310.0,6298.5,6370.0,6311.0,6332.0,6316.5,6462.0,6465.0,13.594605983986515,-4.256215760640539,8.97597977243995,True,True,Stop,2025-07-25,-4.0,30
BE_VOLUME_HC_MID_52W,PGHL,2025-07-23,BUY,Bullish Engulfing,5932.5,5826.4111216188585,5729.05,5386.903999023438,62.65700716598618,18978.0,9558.4,1.9854787412119184,3.934904056351712,1.8208271981958062,56705208.0,5828.0,5810.5,5851.5,5935.0,5947.0,5895.5,6217.0,6284.5,6173.0,6152.5,6313.0,6343.0,6338.5,6336.0,6182.5,6295.0,6223.5,6291.0,6285.5,6338.5,6581.5,6414.0,6310.0,6298.5,6370.0,6311.0,6332.0,6316.5,6462.0,6465.0,13.594605983986515,-4.256215760640539,8.97597977243995,True,True,Stop,2025-07-25,-4.0,30
BE_VOLUME_REVERSAL_HIGH_CONFIDENCE,CREDITACC,2025-07-23,BUY,Bullish Engulfing,1354.9000244140625,1270.8144245405704,1207.72,1038.9687496948243,66.4794679425861,6124371.0,990542.9,6.182842762287226,1.4259713049063296,6.616670243091635,1342086599.3931763,1365.5999755859375,1308.199951171875,1273.699951171875,1238.0,1239.800048828125,1248.300048828125,1246.300048828125,1237.4000244140625,1242.5999755859375,1209.800048828125,1244.5999755859375,1237.800048828125,1259.0999755859375,1301.9000244140625,1296.800048828125,1334.199951171875,1346.5,1347.9000244140625,1363.4000244140625,1395.800048828125,1398.5999755859375,1387.800048828125,1363.0,1343.0,1399.9000244140625,1403.199951171875,1391.9000244140625,1382.4000244140625,1356.800048828125,1340.0,5.173811670440615,-11.580192013201504,-1.0997139379716327,True,True,Stop,2025-07-25,-4.0,30
BE_VOLUME_REVERSAL_HIGH_CONFIDENCE,PGHL,2025-07-23,BUY,Bullish Engulfing,5932.5,5826.4111216188585,5729.05,5386.903999023438,62.65700716598618,18978.0,9558.4,1.9854787412119184,3.934904056351712,1.8208271981958062,56705208.0,5828.0,5810.5,5851.5,5935.0,5947.0,5895.5,6217.0,6284.5,6173.0,6152.5,6313.0,6343.0,6338.5,6336.0,6182.5,6295.0,6223.5,6291.0,6285.5,6338.5,6581.5,6414.0,6310.0,6298.5,6370.0,6311.0,6332.0,6316.5,6462.0,6465.0,13.594605983986515,-4.256215760640539,8.97597977243995,True,True,Stop,2025-07-25,-4.0,30
BE_VOLUME_REVERSAL_RSI_65_68,CREDITACC,2025-07-23,BUY,Bullish Engulfing,1354.9000244140625,1270.8144245405704,1207.72,1038.9687496948243,66.4794679425861,6124371.0,990542.9,6.182842762287226,1.4259713049063296,6.616670243091635,1342086599.3931763,1365.5999755859375,1308.199951171875,1273.699951171875,1238.0,1239.800048828125,1248.300048828125,1246.300048828125,1237.4000244140625,1242.5999755859375,1209.800048828125,1244.5999755859375,1237.800048828125,1259.0999755859375,1301.9000244140625,1296.800048828125,1334.199951171875,1346.5,1347.9000244140625,1363.4000244140625,1395.800048828125,1398.5999755859375,1387.800048828125,1363.0,1343.0,1399.9000244140625,1403.199951171875,1391.9000244140625,1382.4000244140625,1356.800048828125,1340.0,5.173811670440615,-11.580192013201504,-1.0997139379716327,True,True,Stop,2025-07-25,-4.0,30
MOMENTUM_PULLBACK_TIGHT_EMA,APOLLOHOSP,2025-07-23,BUY,21 EMA Reclaim,7373.5,7294.73306188231,7132.55,6925.150490722656,55.85508876981149,508883.0,540275.25,0.9418958206950994,3.4250163719711852,1.0797782105184452,3983719555.875,7363.5,7468.5,7356.5,7456.0,7450.0,7498.0,7351.5,7308.0,7274.0,7189.5,7170.0,7084.5,7259.0,7236.5,7808.5,7821.5,7822.5,7823.5,7883.0,7926.5,7922.5,7851.0,7793.5,7728.0,7610.0,7671.5,7682.0,7736.0,7900.0,7804.5,8.225401776632534,-4.787414389367329,5.845256662372008,True,True,Stop,2025-08-07,-4.0,30
RANGE_BREAKOUT_VOLUME_RSI_65_68,CREDITACC,2025-07-23,BUY,20D High Breakout,1354.9000244140625,1270.8144245405704,1207.72,1038.9687496948243,66.4794679425861,6124371.0,990542.9,6.182842762287226,1.4259713049063296,6.616670243091635,1342086599.3931763,1365.5999755859375,1308.199951171875,1273.699951171875,1238.0,1239.800048828125,1248.300048828125,1246.300048828125,1237.4000244140625,1242.5999755859375,1209.800048828125,1244.5999755859375,1237.800048828125,1259.0999755859375,1301.9000244140625,1296.800048828125,1334.199951171875,1346.5,1347.9000244140625,1363.4000244140625,1395.800048828125,1398.5999755859375,1387.800048828125,1363.0,1343.0,1399.9000244140625,1403.199951171875,1391.9000244140625,1382.4000244140625,1356.800048828125,1340.0,5.173811670440615,-11.580192013201504,-1.0997139379716327,True,True,Stop,2025-07-25,-4.0,30
RANGE_BREAKOUT_VOLUME_RSI_65_68,NAVA,2025-07-23,BUY,20D High Breakout,630.6500244140625,597.2124378820859,548.9550018310547,486.95325134277346,67.98123703700125,1731173.0,629894.3,2.7483547636484404,6.417865919741534,5.598943426322041,397242855.6732788,632.5499877929688,612.2000122070312,600.6500244140625,603.6500244140625,610.0999755859375,629.5499877929688,620.9000244140625,619.7000122070312,614.0499877929688,607.4500122070312,607.2999877929688,606.3499755859375,625.8499755859375,622.25,615.3499755859375,581.5999755859375,579.1500244140625,592.0999755859375,597.3499755859375,675.25,671.8499755859375,672.0499877929688,659.7999877929688,656.2000122070312,687.5999755859375,711.4000244140625,704.0,704.25,681.5999755859375,678.6500244140625,14.326484117697728,-9.260290518235056,7.611194504368226,True,True,Stop,2025-07-28,-4.0,30
MOMENTUM_PULLBACK_TIGHT_EMA,BAJAJHLDNG,2025-07-24,BUY,21 EMA Reclaim,14165.0,14001.821698622342,13848.54,11916.688974609375,55.55291890393684,108160.0,44764.25,2.416213831349794,3.900949796472185,1.1654076511609475,634085601.25,13852.0,13802.0,14062.0,14059.0,13963.0,13848.0,13899.0,13861.0,13607.0,13780.0,13718.0,14047.0,13805.0,13917.0,14136.0,14523.0,13785.0,13642.0,13700.0,13545.0,13265.0,12997.0,12966.0,12770.0,12544.0,12620.0,13023.0,12981.0,12926.0,12771.0,4.221673138016238,-11.888457465584185,-9.84115778326862,False,True,Stop,2025-07-28,-4.0,30
MOMENTUM_PULLBACK_TIGHT_EMA,SBILIFE,2025-07-25,BUY,21 EMA Reclaim,1832.0999755859375,1814.1813519908326,1806.2920043945312,1602.8377514648437,55.15219664316917,1821229.0,910907.35,1.9993570147392048,5.36673679824703,0.9876974854493745,1668873333.696051,1850.5,1833.4000244140625,1839.0999755859375,1840.699951171875,1796.199951171875,1831.5,1857.0,1854.300048828125,1861.0999755859375,1833.5999755859375,1851.0,1838.0,1840.300048828125,1840.5999755859375,1863.0,1854.0999755859375,1858.5,1877.300048828125,1859.0,1846.800048828125,1816.5999755859375,1816.800048828125,1805.5,1809.800048828125,1814.5,1810.699951171875,1791.0999755859375,1805.300048828125,1780.9000244140625,1805.699951171875,4.361117050313211,-3.4168427716897347,-1.440970731175263,False,False,Time,2025-09-09,-1.440970731175263,30
BE_VOLUME_REVERSAL_RSI_65_68,SHREEPUSHK,2025-07-28,BUY,Bullish Engulfing,376.1499938964844,355.13760720098867,330.79760009765624,297.4257001495361,66.76427249031516,684909.0,191348.65,3.5793772258126726,5.67953725922449,5.916688705852499,71975793.52960052,398.95001220703125,397.45001220703125,386.6499938964844,384.1000061035156,403.04998779296875,381.3999938964844,347.75,358.3999938964844,368.20001220703125,393.1499938964844,401.0,340.5,348.20001220703125,353.1499938964844,351.95001220703125,338.54998779296875,343.6000061035156,334.1000061035156,332.04998779296875,319.8999938964844,320.54998779296875,313.79998779296875,315.04998779296875,313.3500061035156,328.25,344.5,348.25,345.3500061035156,329.95001220703125,337.25,9.07882346154773,-17.320216656553637,-10.341617580137344,True,True,Target,2025-07-29,5.0,30
BE_VOLUME_REVERSAL_RSI_65_68,CRAFTSMAN,2025-07-29,BUY,Bullish Engulfing,6448.0,6130.8344655099445,5729.37201171875,5102.248017578125,67.01161853274286,118747.0,67545.7,1.758024567070887,9.454098648411446,5.173284913731146,435534673.59999996,6863.5,6752.0,6465.0,6628.0,6457.5,6347.5,6399.0,6520.0,6859.0,6881.0,7013.5,7093.0,6882.5,6876.0,6892.0,6898.5,6823.0,6839.0,7158.0,6966.5,6912.5,7159.5,6967.0,6897.5,6835.5,6894.0,6837.0,6773.5,6657.5,6777.5,12.507754342431761,-2.99317617866005,5.1101116625310175,True,False,Target,2025-07-30,5.0,30
BE_VOLUME_REVERSAL_RSI_65_68,SUMICHEM,2025-07-29,BUY,Bullish Engulfing,604.7000122070312,568.7249004009747,533.7679992675781,524.8732498168945,67.38991559392824,789420.0,600670.4,1.3142315652644112,3.756163623182169,6.325573538400136,363225398.21240234,652.25,648.7000122070312,630.6500244140625,637.7999877929688,632.5499877929688,604.75,589.0999755859375,577.0999755859375,583.4000244140625,594.5,597.0499877929688,586.4500122070312,577.4000244140625,585.2999877929688,590.1500244140625,593.4000244140625,598.0499877929688,587.1500244140625,570.0,566.7999877929688,566.1500244140625,569.2000122070312,570.9500122070312,590.5499877929688,584.5,569.5,565.75,566.1500244140625,573.25,569.8499755859375,9.971884666065431,-8.863905331416248,-5.763194297598615,True,True,Target,2025-07-30,5.0,30
RANGE_BREAKOUT_VOLUME_RSI_65_68,DHANUKA,2025-07-29,BUY,20D High Breakout,1844.800048828125,1722.3581196569096,1695.15,1484.9772497558595,66.86438036606059,333033.0,87344.3,3.8128761693665183,4.206044134711159,7.108970415258681,161132768.9048584,1891.300048828125,1910.199951171875,1645.5999755859375,1638.0,1639.5,1615.199951171875,1583.199951171875,1599.5999755859375,1635.300048828125,1651.5,1601.0,1596.300048828125,1602.4000244140625,1624.0999755859375,1610.9000244140625,1600.5999755859375,1604.199951171875,1597.699951171875,1600.0999755859375,1571.9000244140625,1600.0999755859375,1624.800048828125,1645.0,1637.5,1616.0,1604.4000244140625,1572.0,1562.199951171875,1579.0999755859375,1577.4000244140625,7.057672795194368,-16.110150985250588,-14.494797123619083,True,True,Target,2025-07-31,5.0,30
MOMENTUM_PULLBACK_TIGHT_EMA,ANURAS,2025-07-30,BUY,21 EMA Reclaim,1148.9000244140625,1138.8633008969587,1101.9799938964843,834.984748840332,58.62273193120162,216033.0,122011.7,1.7705924923593392,2.2129542479979545,0.8812930848855172,140179245.10880128,1133.4000244140625,1136.5999755859375,1128.9000244140625,1143.800048828125,1135.5,1127.300048828125,1120.5,1138.0,1137.800048828125,1146.800048828125,1158.4000244140625,1129.699951171875,1138.0999755859375,1148.300048828125,1133.5,1130.699951171875,1125.5,1124.300048828125,1128.300048828125,1129.800048828125,1104.0999755859375,1114.800048828125,1105.800048828125,1102.0,1110.5999755859375,1085.4000244140625,1081.800048828125,1097.0,1095.4000244140625,1102.4000244140625,4.18661106831018,-7.076337984202579,-4.047349552778967,False,True,Stop,2025-08-26,-4.0,30
MOMENTUM_PULLBACK_TIGHT_EMA,DALBHARAT,2025-07-30,BUY,21 EMA Reclaim,2239.5,2206.6117490970933,2144.442004394531,1905.510249633789,56.99377129127822,352725.0,381619.1,0.9242854982887387,4.41741357234315,1.490441212250594,854635974.4499999,2235.5,2204.39990234375,2226.800048828125,2242.699951171875,2250.800048828125,2267.10009765625,2243.39990234375,2224.60009765625,2253.39990234375,2270.800048828125,2270.300048828125,2330.800048828125,2346.5,2344.39990234375,2348.89990234375,2326.39990234375,2347.5,2358.199951171875,2351.39990234375,2401.5,2403.300048828125,2402.199951171875,2411.60009765625,2408.60009765625,2410.300048828125,2410.0,2410.60009765625,2401.5,2409.800048828125,2411.39990234375,9.305644221645457,-2.6523734022661305,7.6758161350189775,True,False,Target,2025-08-18,5.0,30
MOMENTUM_PULLBACK_TIGHT_EMA,VRLLOG,2025-07-31,BUY,21 EMA Reclaim,310.45001220703125,307.0914018096416,295.1110009765625,263.5838751220703,56.80568200412457,406484.0,295628.5,1.3749824526390386,4.329734296754623,1.0936842834406637,91777871.43374634,300.32501220703125,295.54998779296875,297.92498779296875,281.625,281.875,278.7250061035156,285.6000061035156,280.8500061035156,278.82501220703125,280.25,280.25,280.75,282.04998779296875,279.8500061035156,278.6000061035156,280.54998779296875,277.25,268.95001220703125,264.1499938964844,268.8999938964844,273.0,275.25,267.5,264.0,262.70001220703125,263.8500061035156,269.04998779296875,271.54998779296875,279.20001220703125,281.95001220703125,0.49927129393543157,-16.331135517308564,-9.180221897042179,False,True,Stop,2025-08-04,-4.0,30
BE_VOLUME_REVERSAL_RSI_65_68,YATHARTH,2025-08-04,BUY,Bullish Engulfing,650.7999877929688,617.590383208192,567.4379956054687,525.2324993896484,67.88196674230345,1210195.0,525887.65,2.3012424802141673,6.0894678509424605,5.377286545859591,342247676.200473,684.9000244140625,703.0999755859375,690.7000122070312,706.0999755859375,726.0999755859375,709.9500122070312,714.8499755859375,712.3499755859375,709.0999755859375,713.75,730.3499755859375,713.9000244140625,716.1500244140625,706.7000122070312,707.0999755859375,706.0,695.0499877929688,700.8499755859375,702.6500244140625,749.6500244140625,768.75,781.4000244140625,787.0,784.2000122070312,798.0499877929688,798.9000244140625,770.25,801.75,784.9500122070312,799.7999877929688,25.991092130731907,-0.891208958475554,22.894899015794017,True,False,Target,2025-08-05,5.0,30
MOMENTUM_PULLBACK_TIGHT_EMA,MUTHOOTFIN,2025-08-04,BUY,21 EMA Reclaim,2665.800048828125,2632.9767203052224,2552.0939990234374,2226.9295025634765,58.33262161929102,1053175.0,381415.9,2.761224689374512,1.920528004851913,1.2466243347224726,1016778524.8438233,2641.5,2624.699951171875,2634.60009765625,2617.800048828125,2589.800048828125,2533.199951171875,2509.89990234375,2757.39990234375,2768.300048828125,2747.199951171875,2683.89990234375,2675.800048828125,2680.60009765625,2693.699951171875,2673.10009765625,2644.800048828125,2637.800048828125,2710.0,2698.699951171875,2783.60009765625,2826.300048828125,2837.89990234375,2900.89990234375,2942.39990234375,2898.10009765625,2877.39990234375,2926.199951171875,2937.0,2988.39990234375,2942.10009765625,12.420280870696779,-7.097304663005259,10.364620142819241,True,True,Stop,2025-08-12,-4.0,30
MOMENTUM_PULLBACK_TIGHT_EMA,ANURAS,2025-08-05,BUY,21 EMA Reclaim,1143.800048828125,1137.9454887684878,1115.280994873047,843.0374990844726,55.14689864029447,92112.0,107379.9,0.8578141719260309,2.647031657135887,0.5144851064854695,122821134.86315918,1135.5,1127.300048828125,1120.5,1138.0,1137.800048828125,1146.800048828125,1158.4000244140625,1129.699951171875,1138.0999755859375,1148.300048828125,1133.5,1130.699951171875,1125.5,1124.300048828125,1128.300048828125,1129.800048828125,1104.0999755859375,1114.800048828125,1105.800048828125,1102.0,1110.5999755859375,1085.4000244140625,1081.800048828125,1097.0,1095.4000244140625,1102.4000244140625,1099.0,1099.0,1104.800048828125,1086.800048828125,4.6511583232034965,-6.662009965837816,-4.983388491581119,False,True,Stop,2025-09-01,-4.0,30
MOMENTUM_PULLBACK_TIGHT_EMA,INDIGO,2025-08-06,BUY,21 EMA Reclaim,5893.5,5810.903430185038,5681.89,4890.256497802734,56.515432740411725,980678.0,876087.05,1.1193841981798498,2.068793619142572,1.4214066849899785,5163219029.175,5859.0,5769.5,5878.5,5927.5,5969.5,6002.5,6096.5,6055.5,6155.5,6099.0,6086.5,6116.0,6050.0,5727.0,5646.0,5670.0,5665.5,5740.0,5695.0,5670.0,5696.5,5637.5,5619.0,5667.0,5727.5,5728.5,5727.5,5746.5,5715.5,5679.0,5.7520997709340795,-5.989649613981505,-3.6396029524051925,True,True,Target,2025-08-18,5.0,30
MOMENTUM_PULLBACK_TIGHT_EMA,ULTRACEMCO,2025-08-11,BUY,21 EMA Reclaim,12405.0,12267.640759446036,12007.22,11484.534487304687,57.30095197070346,218605.0,227110.85,0.9625475841422811,2.430391694195375,1.1196875034688134,2817310094.25,12449.0,12401.0,12317.0,12765.0,12863.0,12874.0,12870.0,12589.0,12606.0,12610.0,12521.0,12640.0,12826.0,12730.0,12733.0,12651.0,12601.0,12664.0,12572.0,12478.0,12392.0,12370.0,12435.0,12578.0,12721.0,12626.0,12508.0,12650.0,12401.0,12214.0,5.578395808141878,-1.652559451833938,-1.539701733172108,True,False,Target,2025-09-04,5.0,30
MOMENTUM_PULLBACK_TIGHT_EMA,M&M,2025-08-12,BUY,21 EMA Reclaim,3236.5,3196.1285198789706,3156.149990234375,2971.1017553710935,56.43883180500809,3315978.0,2381078.95,1.3926367288241324,2.013321223130488,1.2631369442727605,7706362021.675,3282.199951171875,3265.39990234375,3383.10009765625,3354.0,3395.60009765625,3375.10009765625,3403.0,3398.89990234375,3330.800048828125,3295.300048828125,3199.5,3315.39990234375,3234.5,3286.0,3481.5,3561.300048828125,3696.300048828125,3604.39990234375,3595.699951171875,3589.89990234375,3530.300048828125,3608.0,3633.199951171875,3642.199951171875,3592.10009765625,3584.800048828125,3614.60009765625,3574.89990234375,3530.0,3396.5,15.056389582206858,-1.5294299397497295,4.943611926463773,True,False,Target,2025-08-18,5.0,30
RANGE_BREAKOUT_VOLUME_RSI_65_68,APOLLOHOSP,2025-08-13,BUY,20D High Breakout,7808.5,7334.288509764058,7248.23,6954.591994628906,67.56564127657754,2291645.0,429864.1,5.3310918497264606,0.40178571428571425,6.465678158210291,3356593824.85,7821.5,7822.5,7823.5,7883.0,7926.5,7922.5,7851.0,7793.5,7728.0,7610.0,7671.5,7682.0,7736.0,7900.0,7804.5,7786.5,7825.5,7929.0,7879.5,7874.5,7816.5,7852.5,7888.0,7850.5,7806.5,7739.0,7684.0,7643.5,7624.0,7510.0,2.196324518153294,-4.066081833898956,-3.8227572517128774,False,True,Stop,2025-09-26,-4.0,30
MOMENTUM_PULLBACK_TIGHT_EMA,JINDALSTEL,2025-08-18,BUY,21 EMA Reclaim,992.8499755859375,978.8827345318979,955.5540002441406,915.5877481079101,55.054974650187624,1909764.0,1728667.2,1.1047609395261275,7.530034391609584,1.4268553894475173,1716307187.316211,1005.25,1016.25,1010.1500244140625,997.25,996.2000122070312,977.1500244140625,964.7000122070312,945.7999877929688,962.8499755859375,975.1500244140625,1028.3499755859375,1031.8499755859375,1034.8499755859375,1041.550048828125,1034.0999755859375,1039.5999755859375,1040.4000244140625,1035.949951171875,1046.300048828125,1053.3499755859375,1033.6500244140625,1047.6500244140625,1046.0,1032.449951171875,1062.699951171875,1052.6500244140625,1051.699951171875,1029.5,1043.3499755859375,1063.75,7.740341187054363,-4.990682279437684,7.1410612033525345,True,True,Stop,2025-08-29,-4.0,30
RANGE_BREAKOUT_VOLUME_RSI_65_68,ASHOKLEY,2025-08-18,BUY,20D High Breakout,131.75999450683594,122.23445999438803,122.1931999206543,112.9193998336792,67.73563872154406,80821577.0,12510414.15,6.460343840815214,0.7831389465529902,7.792838871203125,1648372099.6822426,133.27999877929688,133.10000610351562,131.00999450683594,131.1999969482422,131.00999450683594,131.3699951171875,129.82000732421875,126.9800033569336,128.02999877929688,130.38999938964844,130.22999572753906,128.00999450683594,130.77000427246094,137.2899932861328,135.05999755859375,134.00999450683594,133.55999755859375,134.08999633789062,133.94000244140625,134.5399932861328,136.77000427246094,138.75999450683594,140.88999938964844,139.4199981689453,144.0399932861328,142.25999450683594,140.4499969482422,141.92999267578125,142.4199981689453,142.6699981689453,9.669099897012433,-4.48542522700866,8.280209560530412,True,True,Stop,2025-09-01,-4.0,30
RANGE_BREAKOUT_VOLUME_RSI_65_68,ECLERX,2025-08-25,BUY,20D High Breakout,2119.39990234375,1970.9172417436707,1854.1889990234374,1635.6572497558593,66.16272930927165,2283556.0,354195.4,6.447164474750378,0.9626213858060747,7.53368317325778,750681696.1706055,2227.449951171875,2122.550048828125,2110.64990234375,2248.39990234375,2267.25,2204.0,2219.5,2145.300048828125,2117.25,2169.10009765625,2237.5,2254.550048828125,2214.64990234375,2185.10009765625,2187.39990234375,2197.199951171875,2204.5,2135.14990234375,2132.050048828125,2125.449951171875,2049.75,2123.5,2078.449951171875,2024.5999755859375,2007.8499755859375,1986.75,1964.0,2009.4000244140625,2004.949951171875,2030.5,9.464947952220593,-7.8512744178074065,-4.1945789581965895,True,True,Target,2025-08-26,5.0,30
BE_VOLUME_REVERSAL_HIGH_CONFIDENCE,CREDITACC,2025-08-29,BUY,Bullish Engulfing,1399.9000244140625,1329.728813322232,1277.6940014648437,1072.997751159668,64.41670276951417,803591.0,273375.0,2.9395189757658895,0.758539015813497,5.2771069099805885,382697669.17419434,1403.199951171875,1391.9000244140625,1382.4000244140625,1356.800048828125,1340.0,1336.699951171875,1305.0999755859375,1296.699951171875,1298.300048828125,1292.5999755859375,1322.0999755859375,1323.5999755859375,1360.199951171875,1388.699951171875,1363.4000244140625,1360.5999755859375,1357.5,1391.199951171875,1416.5,1377.5,1335.800048828125,1353.199951171875,1400.800048828125,1410.9000244140625,1399.4000244140625,1392.0,1375.5,1381.699951171875,1380.0999755859375,1407.800048828125,2.150151800914215,-9.636404176114349,0.5643277574317571,False,True,Stop,2025-09-05,-4.0,30
MOMENTUM_PULLBACK_TIGHT_EMA,HDFCLIFE,2025-09-01,BUY,21 EMA Reclaim,781.7999877929688,775.8542797857438,773.0159973144531,698.1602508544922,55.40253289594296,2218344.0,2219258.65,0.9995878578641566,4.745660945114986,0.7663433923270917,1735016385.4794402,782.75,776.4500122070312,754.25,759.5499877929688,753.75,761.0999755859375,777.5999755859375,774.25,779.6500244140625,777.2000122070312,774.3499755859375,768.0499877929688,784.5999755859375,782.2000122070312,787.7999877929688,775.0499877929688,770.25,765.0499877929688,764.4000244140625,756.5999755859375,756.4500122070312,764.0,759.2000122070312,763.0499877929688,755.5999755859375,747.2999877929688,754.3499755859375,747.2999877929688,746.5499877929688,743.5499877929688,2.711692573298594,-5.391399851245346,-4.892555717221259,False,True,Stop,2025-09-04,-4.0,30
BE_VOLUME_REVERSAL_HIGH_CONFIDENCE,DELHIVERY,2025-09-03,BUY,Bullish Engulfing,478.0,463.6984773420223,434.8590008544922,346.746549911499,66.08441105924389,4594525.0,2677743.75,1.715819521565497,1.5853432187580623,3.084228945489717,1279961512.5,470.6499938964844,468.75,474.3999938964844,463.95001220703125,464.3500061035156,470.29998779296875,467.75,470.95001220703125,475.6000061035156,482.6000061035156,484.5,478.79998779296875,467.8999938964844,459.04998779296875,456.0,455.3999938964844,445.70001220703125,439.8999938964844,450.04998779296875,434.45001220703125,437.29998779296875,462.6000061035156,468.95001220703125,467.29998779296875,468.0,464.8500061035156,473.79998779296875,469.3500061035156,460.75,446.79998779296875,2.322177009103687,-10.58577533546352,-6.527199206491893,False,True,Stop,2025-09-23,-4.0,30
BE_VOLUME_REVERSAL_RSI_65_68,DELHIVERY,2025-09-03,BUY,Bullish Engulfing,478.0,463.6984773420223,434.8590008544922,346.746549911499,66.08441105924389,4594525.0,2677743.75,1.715819521565497,1.5853432187580623,3.084228945489717,1279961512.5,470.6499938964844,468.75,474.3999938964844,463.95001220703125,464.3500061035156,470.29998779296875,467.75,470.95001220703125,475.6000061035156,482.6000061035156,484.5,478.79998779296875,467.8999938964844,459.04998779296875,456.0,455.3999938964844,445.70001220703125,439.8999938964844,450.04998779296875,434.45001220703125,437.29998779296875,462.6000061035156,468.95001220703125,467.29998779296875,468.0,464.8500061035156,473.79998779296875,469.3500061035156,460.75,446.79998779296875,2.322177009103687,-10.58577533546352,-6.527199206491893,False,True,Stop,2025-09-23,-4.0,30
RANGE_BREAKOUT_VOLUME_RSI_65_68,TDPOWERSYS,2025-09-03,BUY,20D High Breakout,551.3499755859375,510.6805019857816,502.0139990234375,440.7839994812012,66.12609379350187,5502113.0,1009622.45,5.44967378647335,1.544647216796875,7.963780375795168,556655313.1585144,538.5499877929688,549.5499877929688,564.4500122070312,548.4500122070312,553.8499755859375,552.9000244140625,551.6500244140625,549.5,543.9500122070312,538.0499877929688,534.2000122070312,553.4500122070312,541.9500122070312,553.1500244140625,574.1500244140625,575.4000244140625,573.1500244140625,576.4500122070312,590.8499755859375,598.3499755859375,642.8499755859375,636.5,632.5499877929688,618.7999877929688,611.3499755859375,600.4000244140625,595.3499755859375,600.75,634.5999755859375,637.2999877929688,19.66083780068409,-4.742897349567457,15.58901170090547,True,True,Stop,2025-09-18,-4.0,30
BE_VOLUME_HC_COOL_RVOL,RBLBANK,2025-09-05,BUY,Bullish Engulfing,276.0,261.6601761481751,258.556399230957,198.36349975585938,63.718338605216594,26498078.0,13685168.15,1.9362625076696627,1.0752688172043012,5.48032339613822,3777106409.4,273.0,273.45001220703125,272.3999938964844,270.04998779296875,272.6000061035156,271.3500061035156,267.29998779296875,264.3999938964844,271.20001220703125,271.0,269.70001220703125,268.95001220703125,270.3500061035156,275.45001220703125,272.3500061035156,277.79998779296875,277.25,275.20001220703125,275.8999938964844,275.6000061035156,273.54998779296875,286.45001220703125,286.70001220703125,291.6000061035156,290.0,291.5,299.54998779296875,306.75,299.5,326.6499938964844,19.130430359771285,-5.217389092929121,18.351447063943613,True,True,Stop,2025-09-10,-4.0,30
BE_VOLUME_HC_EARLY_SURGE,RBLBANK,2025-09-05,BUY,Bullish Engulfing,276.0,261.6601761481751,258.556399230957,198.36349975585938,63.718338605216594,26498078.0,13685168.15,1.9362625076696627,1.0752688172043012,5.48032339613822,3777106409.4,273.0,273.45001220703125,272.3999938964844,270.04998779296875,272.6000061035156,271.3500061035156,267.29998779296875,264.3999938964844,271.20001220703125,271.0,269.70001220703125,268.95001220703125,270.3500061035156,275.45001220703125,272.3500061035156,277.79998779296875,277.25,275.20001220703125,275.8999938964844,275.6000061035156,273.54998779296875,286.45001220703125,286.70001220703125,291.6000061035156,290.0,291.5,299.54998779296875,306.75,299.5,326.6499938964844,19.130430359771285,-5.217389092929121,18.351447063943613,True,True,Stop,2025-09-10,-4.0,30
BE_VOLUME_REVERSAL_HIGH_CONFIDENCE,RBLBANK,2025-09-05,BUY,Bullish Engulfing,276.0,261.6601761481751,258.556399230957,198.36349975585938,63.718338605216594,26498078.0,13685168.15,1.9362625076696627,1.0752688172043012,5.48032339613822,3777106409.4,273.0,273.45001220703125,272.3999938964844,270.04998779296875,272.6000061035156,271.3500061035156,267.29998779296875,264.3999938964844,271.20001220703125,271.0,269.70001220703125,268.95001220703125,270.3500061035156,275.45001220703125,272.3500061035156,277.79998779296875,277.25,275.20001220703125,275.8999938964844,275.6000061035156,273.54998779296875,286.45001220703125,286.70001220703125,291.6000061035156,290.0,291.5,299.54998779296875,306.75,299.5,326.6499938964844,19.130430359771285,-5.217389092929121,18.351447063943613,True,True,Stop,2025-09-10,-4.0,30
MOMENTUM_PULLBACK_TIGHT_EMA,ABDL,2025-09-08,BUY,21 EMA Reclaim,510.20001220703125,502.70220161578317,484.25700134277344,396.2330009460449,55.03485902629312,302977.0,316084.4,0.9585319617165541,5.48350801321064,1.4915014430310138,161266264.73845217,506.5,508.3500061035156,529.1500244140625,545.7000122070312,564.3499755859375,551.9000244140625,544.25,550.4000244140625,549.6500244140625,541.0,531.7000122070312,535.2999877929688,523.5499877929688,515.4000244140625,510.79998779296875,507.70001220703125,530.0999755859375,553.0,556.4000244140625,546.6500244140625,550.5999755859375,545.0499877929688,545.0499877929688,528.8499755859375,528.5,541.3499755859375,542.25,551.5,580.9000244140625,603.6500244140625,19.443357474240404,-1.2642124760306621,18.31634848513306,True,False,Target,2025-09-12,5.0,30
BE_VOLUME_REVERSAL_HIGH_CONFIDENCE,ABDL,2025-09-11,BUY,Bullish Engulfing,529.1500244140625,505.8586440580551,489.4300018310547,399.2617510986328,62.15466840359854,937668.0,346875.9,2.7031800133707757,1.9729462059548741,4.604325858536547,183549390.9536499,545.7000122070312,564.3499755859375,551.9000244140625,544.25,550.4000244140625,549.6500244140625,541.0,531.7000122070312,535.2999877929688,523.5499877929688,515.4000244140625,510.79998779296875,507.70001220703125,530.0999755859375,553.0,556.4000244140625,546.6500244140625,550.5999755859375,545.0499877929688,545.0499877929688,528.8499755859375,528.5,541.3499755859375,542.25,551.5,580.9000244140625,603.6500244140625,625.4500122070312,618.3499755859375,611.8499755859375,20.948685717001283,-4.563927676428677,15.628828754841345,True,True,Target,2025-09-15,5.0,30
RANGE_BREAKOUT_VOLUME_RSI_65_68,ABDL,2025-09-12,BUY,20D High Breakout,545.7000122070312,509.48058661705295,491.857001953125,400.41450119018555,67.1373030972781,1105587.0,395989.35,2.791961450478403,0.4197058016366332,7.1090884601658715,216091393.12885436,564.3499755859375,551.9000244140625,544.25,550.4000244140625,549.6500244140625,541.0,531.7000122070312,535.2999877929688,523.5499877929688,515.4000244140625,510.79998779296875,507.70001220703125,530.0999755859375,553.0,556.4000244140625,546.6500244140625,550.5999755859375,545.0499877929688,545.0499877929688,528.8499755859375,528.5,541.3499755859375,542.25,551.5,580.9000244140625,603.6500244140625,625.4500122070312,618.3499755859375,611.8499755859375,611.9000244140625,17.280554459139832,-7.458312497084976,12.13120958881633,True,True,Stop,2025-09-25,-4.0,30
RANGE_BREAKOUT_VOLUME_RSI_65_68,CANBK,2025-09-17,BUY,20D High Breakout,116.25,110.08722452240062,110.03480010986328,101.72634994506836,67.40725214492859,34943043.0,14278781.15,2.4472006842124614,2.556582542948118,5.598084159479719,1659908308.6875,115.41000366210938,117.76000213623047,118.87000274658203,121.9000015258789,122.91000366210938,121.44000244140625,118.08000183105469,120.4800033569336,123.70999908447266,123.76000213623047,125.9000015258789,126.76000213623047,128.05999755859375,126.04000091552734,126.16999816894531,127.38999938964844,127.63999938964844,125.22000122070312,128.41000366210938,127.37000274658203,125.48999786376953,127.58999633789062,127.12000274658203,126.23999786376953,125.69999694824219,129.1300048828125,129.97999572753906,128.77000427246094,132.88999938964844,136.99000549316406,19.225811701948924,-1.3333359585013442,17.840864940356184,True,False,Target,2025-09-23,5.0,30
RANGE_BREAKOUT_VOLUME_RSI_65_68,TATACONSUM,2025-09-17,BUY,20D High Breakout,1136.300048828125,1090.8358452176285,1079.15201171875,1043.4275036621093,66.00828413877173,3361334.0,1136225.9,2.95833249356488,7.939722605783222,4.167831833709691,1291093545.6497803,1129.300048828125,1126.800048828125,1130.0999755859375,1128.5,1140.0999755859375,1134.199951171875,1119.0,1123.0999755859375,1129.300048828125,1144.800048828125,1137.5,1142.0999755859375,1120.0,1120.199951171875,1118.0,1126.5,1117.0,1118.9000244140625,1114.199951171875,1149.300048828125,1166.0,1176.4000244140625,1174.5999755859375,1161.0,1155.300048828125,1169.9000244140625,1168.9000244140625,1177.0999755859375,1176.5999755859375,1165.0,4.831461760506716,-2.9305682827759796,2.525737035871246,False,False,Time,2025-10-31,2.525737035871246,30
MOMENTUM_PULLBACK_TIGHT_EMA,HDFCLIFE,2025-09-18,BUY,21 EMA Reclaim,784.5999755859375,773.4251372664311,767.6319946289062,703.6187503051758,56.512297976470265,4824420.0,2893388.2,1.6673946482535595,4.404511046489492,1.4448506753998727,2270152311.08064,782.2000122070312,787.7999877929688,775.0499877929688,770.25,765.0499877929688,764.4000244140625,756.5999755859375,756.4500122070312,764.0,759.2000122070312,763.0499877929688,755.5999755859375,747.2999877929688,754.3499755859375,747.2999877929688,746.5499877929688,743.5499877929688,761.1500244140625,742.8499755859375,745.9500122070312,742.25,743.7000122070312,743.6500244140625,734.9500122070312,737.25,747.0,761.2999877929688,746.5999755859375,731.8499755859375,736.0,1.5676840696992569,-7.468771018272741,-6.194236183813687,False,True,Stop,2025-09-30,-4.0,30
BE_VOLUME_REVERSAL_HIGH_CONFIDENCE,BHARTIARTL,2025-09-19,BUY,Bullish Engulfing,1962.4000244140625,1914.7606279666886,1910.2480053710938,1782.5840020751953,65.40944802099163,11287603.0,4457032.25,2.5325378787645074,4.076645929392547,2.4880079395596737,8746480196.214264,1956.199951171875,1938.699951171875,1931.0999755859375,1935.5999755859375,1916.5999755859375,1902.199951171875,1878.4000244140625,1867.5999755859375,1896.699951171875,1903.0999755859375,1929.0,1943.5,1942.0,1939.9000244140625,1954.9000244140625,1946.5999755859375,1968.5,1967.4000244140625,2012.0,2051.5,2043.5,2007.9000244140625,2029.300048828125,2080.10009765625,2090.199951171875,2100.60009765625,2066.300048828125,2054.5,2074.0,2113.300048828125,8.825931058266367,-5.82450302721806,7.689564947856059,True,True,Stop,2025-09-30,-4.0,30
BE_VOLUME_REVERSAL_RSI_65_68,BHARTIARTL,2025-09-19,BUY,Bullish Engulfing,1962.4000244140625,1914.7606279666886,1910.2480053710938,1782.5840020751953,65.40944802099163,11287603.0,4457032.25,2.5325378787645074,4.076645929392547,2.4880079395596737,8746480196.214264,1956.199951171875,1938.699951171875,1931.0999755859375,1935.5999755859375,1916.5999755859375,1902.199951171875,1878.4000244140625,1867.5999755859375,1896.699951171875,1903.0999755859375,1929.0,1943.5,1942.0,1939.9000244140625,1954.9000244140625,1946.5999755859375,1968.5,1967.4000244140625,2012.0,2051.5,2043.5,2007.9000244140625,2029.300048828125,2080.10009765625,2090.199951171875,2100.60009765625,2066.300048828125,2054.5,2074.0,2113.300048828125,8.825931058266367,-5.82450302721806,7.689564947856059,True,True,Stop,2025-09-30,-4.0,30
MOMENTUM_PULLBACK_TIGHT_EMA,TORNTPHARM,2025-09-19,BUY,21 EMA Reclaim,3629.199951171875,3586.3925935467937,3581.7139990234373,3320.3032556152343,56.52888150885748,314125.0,188964.8,1.662346638104028,4.189655356882054,1.1936048970797866,685791042.9332031,3655.89990234375,3651.5,3614.60009765625,3531.60009765625,3561.0,3586.60009765625,3603.199951171875,3567.10009765625,3514.699951171875,3526.0,3536.89990234375,3569.0,3550.5,3532.800048828125,3518.199951171875,3522.0,3532.800048828125,3533.800048828125,3584.300048828125,3570.39990234375,3590.89990234375,3614.10009765625,3581.39990234375,3596.39990234375,3576.5,3599.300048828125,3602.39990234375,3560.10009765625,3628.300048828125,3575.0,1.6532569383680802,-4.09456231441979,-1.4934407555685583,False,True,Stop,2025-09-26,-4.0,30
BE_VOLUME_REVERSAL_RSI_65_68,NAM-INDIA,2025-09-29,BUY,Bullish Engulfing,871.0,837.2000660324138,825.5940014648437,707.769250793457,65.63291539294252,1053524.0,712941.9,1.477713681858227,1.9033701936448373,4.0372588750223,620972394.9,868.3499755859375,876.0999755859375,887.0999755859375,871.7999877929688,875.0499877929688,860.9000244140625,857.7000122070312,871.8499755859375,884.5499877929688,879.8499755859375,898.5999755859375,887.2000122070312,913.2999877929688,951.0499877929688,968.2000122070312,940.75,922.75,915.6500244140625,904.9500122070312,857.9000244140625,871.7999877929688,874.7999877929688,870.4000244140625,881.5499877929688,866.8499755859375,849.5499877929688,891.0,870.5999755859375,873.0999755859375,884.9500122070312,13.35820615223163,-3.363948081856343,1.6016087493721298,True,False,Target,2025-10-17,5.0,30
MOMENTUM_PULLBACK_TIGHT_EMA,BANKINDIA,2025-09-29,BUY,21 EMA Reclaim,118.7699966430664,117.52572111939382,114.67839935302734,110.76594985961914,55.160432198833654,6351712.0,6520179.85,0.9741620854216162,8.806824605593008,1.0587261340081724,774401738.8966892,123.41000366210938,124.62999725341797,125.52999877929688,126.04000091552734,126.23999786376953,124.83000183105469,125.79000091552734,126.7699966430664,126.86000061035156,124.30000305175781,126.33999633789062,125.41999816894531,123.11000061035156,129.77000427246094,130.25999450683594,135.52999877929688,133.89999389648438,139.7100067138672,141.08999633789062,140.77000427246094,138.83999633789062,139.8800048828125,142.1300048828125,142.16000366210938,140.1699981689453,144.5800018310547,145.94000244140625,145.50999450683594,146.66000366210938,144.6199951171875,24.44220529527659,0.10945936388564298,21.764754740043323,True,False,Target,2025-10-01,5.0,30
MOMENTUM_PULLBACK_TIGHT_EMA,CUMMINSIND,2025-09-29,BUY,21 EMA Reclaim,3994.199951171875,3973.4128620568486,3821.41998046875,3258.8719897460937,55.93053837997523,355702.0,375160.55,0.9481327394364892,4.185962913256319,0.523154523244432,1498466250.4916136,3926.5,3849.0,3932.699951171875,3943.0,3967.39990234375,3912.5,3957.199951171875,3966.0,3957.0,3945.199951171875,3957.39990234375,3940.60009765625,3974.89990234375,4006.39990234375,4000.89990234375,4073.89990234375,4183.2001953125,4311.5,4285.60009765625,4357.89990234375,4384.2001953125,4344.10009765625,4379.7001953125,4316.7998046875,4316.10009765625,4291.7998046875,4349.2001953125,4414.2001953125,4395.39990234375,4366.2001953125,12.538181737276153,-4.035850812240381,9.313510807877364,True,True,Stop,2025-10-03,-4.0,30
MOMENTUM_PULLBACK_TIGHT_EMA,GLAND,2025-09-29,BUY,21 EMA Reclaim,1998.0,1972.0621682705714,1967.5500073242188,1708.7732537841796,56.14261486800033,1031408.0,237508.6,4.342613278003407,6.241201313937119,1.3152644042745945,474542182.8,1991.5999755859375,1981.5999755859375,1951.4000244140625,1939.5999755859375,1940.300048828125,1957.0,1952.800048828125,1923.4000244140625,1928.5999755859375,1920.800048828125,1936.5,1917.5999755859375,1937.800048828125,1924.800048828125,1922.5,1932.0999755859375,1941.4000244140625,1918.0999755859375,1902.4000244140625,1904.5,1905.800048828125,1928.9000244140625,1972.0,1911.800048828125,1898.5999755859375,1863.0,1881.0999755859375,1851.199951171875,1837.9000244140625,1829.199951171875,2.1471483690721973,-9.144141700294044,-8.448450892298547,False,True,Stop,2025-10-10,-4.0,30
MOMENTUM_PULLBACK_TIGHT_EMA,JINDALSTEL,2025-09-29,BUY,21 EMA Reclaim,1043.3499755859375,1032.7497416429019,1004.917998046875,931.7629977416992,55.044679506471255,1278211.0,1190838.7,1.0733703901292426,2.463305299497363,1.026408772194194,1242461528.5717895,1063.75,1065.0,1076.5,1055.9000244140625,1033.699951171875,1019.2000122070312,1040.300048828125,1015.2000122070312,1007.5999755859375,996.0,1001.4000244140625,1022.7999877929688,1007.5999755859375,1005.5999755859375,1009.7999877929688,1009.0999755859375,1008.2000122070312,1034.300048828125,1073.5,1070.5999755859375,1070.199951171875,1066.800048828125,1077.0,1080.699951171875,1045.5,1069.9000244140625,1071.4000244140625,1080.199951171875,1079.9000244140625,1087.800048828125,5.237937958772794,-5.477544900196241,4.2603224500220715,True,True,Stop,2025-10-14,-4.0,30
MOMENTUM_PULLBACK_TIGHT_EMA,TVSMOTOR,2025-09-29,BUY,21 EMA Reclaim,3439.60009765625,3427.253024379744,3202.42599609375,2728.2939965820315,55.93606537458029,743356.0,698041.9,1.0649160172190237,4.527156180813015,0.360261503562037,2400984987.4081545,3438.699951171875,3457.800048828125,3456.10009765625,3510.89990234375,3513.5,3483.0,3486.60009765625,3490.300048828125,3503.199951171875,3505.0,3574.89990234375,3576.5,3654.0,3652.0,3658.300048828125,3597.199951171875,3599.800048828125,3639.89990234375,3562.0,3498.89990234375,3491.699951171875,3508.699951171875,3510.5,3473.10009765625,3446.800048828125,3456.800048828125,3490.800048828125,3474.199951171875,3454.5,3450.60009765625,8.152107639920555,-2.8666151545767278,0.3198046193653565,True,False,Target,2025-10-16,5.0,30
MOMENTUM_PULLBACK_TIGHT_EMA,ZOTA,2025-10-01,BUY,21 EMA Reclaim,1438.800048828125,1418.2625207693454,1327.0530004882812,1023.5855001831055,55.4788494762777,75157.0,83589.05,0.8991249451931802,7.472665670217042,1.4480766260141218,120267929.22149658,1507.9000244140625,1540.0,1504.199951171875,1484.0,1544.0,1457.9000244140625,1457.5999755859375,1489.4000244140625,1506.5999755859375,1538.4000244140625,1522.5999755859375,1563.800048828125,1605.0999755859375,1542.0999755859375,1521.5,1570.9000244140625,1568.5,1555.5999755859375,1551.300048828125,1511.0,1575.0999755859375,1560.4000244140625,1528.5,1535.199951171875,1530.5999755859375,1508.9000244140625,1532.5,1539.800048828125,1597.0999755859375,1578.5,13.497355058477176,-4.392554288114095,9.709476399146492,True,True,Target,2025-10-03,5.0,30
RANGE_BREAKOUT_VOLUME_RSI_65_68,SCHAEFFLER,2025-10-03,BUY,20D High Breakout,4286.2001953125,4083.3751738067654,4009.776015625,3681.2407543945315,67.05058491652025,145678.0,62854.55,2.317700150585757,2.0274682623877,4.967092487772782,269407184.4862793,4214.7998046875,4284.5,4225.5,4177.39990234375,4115.60009765625,4020.0,3962.60009765625,3978.60009765625,3932.0,3877.5,3860.10009765625,3927.89990234375,3907.0,3910.89990234375,3928.300048828125,3871.800048828125,3947.39990234375,3929.5,4021.39990234375,4278.7001953125,4137.7998046875,4122.0,4078.39990234375,4106.39990234375,4073.800048828125,4165.5,4133.10009765625,4086.10009765625,4163.2001953125,4140.5,2.46838224689564,-10.356495876460361,-3.3992858166504103,False,True,Stop,2025-10-10,-4.0,30
RANGE_BREAKOUT_VOLUME_RSI_65_68,ASTERDM,2025-10-06,BUY,20D High Breakout,672.5499877929688,633.2746796440982,615.9679992675781,538.2730006408691,66.89353134788121,2111080.0,806685.1,2.616981521042102,0.5912349526527582,6.2019388128613215,542536054.1577698,661.5999755859375,698.5499877929688,697.75,685.5499877929688,700.75,686.9500122070312,698.5,699.3499755859375,702.4500122070312,718.2000122070312,722.9500122070312,720.5,705.7999877929688,697.8499755859375,700.25,699.8499755859375,697.5999755859375,678.0499877929688,678.4500122070312,688.6500244140625,687.25,692.9000244140625,681.6500244140625,677.6500244140625,681.3499755859375,673.1500244140625,678.0999755859375,679.0999755859375,681.0499877929688,662.5999755859375,8.86923284465579,-2.3492659400407967,-1.4794457494056434,True,False,Target,2025-10-09,5.0,30
RANGE_BREAKOUT_VOLUME_RSI_65_68,UNOMINDA,2025-10-07,BUY,20D High Breakout,1366.300048828125,1301.8618299201387,1229.0680053710937,1045.1585025024415,67.70551361743892,2302502.0,814499.3,2.826892546132329,1.1360311991226482,4.949697228003005,1112850433.3604736,1311.4000244140625,1260.0,1219.800048828125,1233.300048828125,1185.4000244140625,1207.4000244140625,1235.199951171875,1217.800048828125,1229.5999755859375,1226.0,1197.4000244140625,1192.0,1200.0999755859375,1201.199951171875,1215.0,1222.800048828125,1235.199951171875,1264.5999755859375,1252.0,1233.800048828125,1229.699951171875,1319.300048828125,1311.0999755859375,1332.9000244140625,1303.199951171875,1307.199951171875,1299.9000244140625,1292.300048828125,1305.0999755859375,1298.0,0.6294353567002867,-14.27944746277271,-4.9989055395779225,False,True,Stop,2025-10-08,-4.0,30
RANGE_BREAKOUT_VOLUME_RSI_65_68,RBLBANK,2025-10-08,BUY,20D High Breakout,286.45001220703125,273.0895121919748,265.88780029296873,210.26105003356935,67.01298139881825,34201386.0,11774215.3,2.9047698830511446,1.3771732938158119,4.892351928061,3372724116.413214,286.70001220703125,291.6000061035156,290.0,291.5,299.54998779296875,306.75,299.5,326.6499938964844,324.6499938964844,317.8999938964844,315.95001220703125,322.04998779296875,325.1000061035156,323.6000061035156,324.95001220703125,326.3500061035156,328.75,323.8500061035156,325.6000061035156,328.25,324.0,320.3999938964844,319.54998779296875,315.45001220703125,318.6499938964844,316.70001220703125,314.04998779296875,309.6000061035156,313.6499938964844,312.45001220703125,15.901548560608045,-2.530982611639784,9.076627296915088,True,False,Target,2025-10-15,5.0,30
BE_VOLUME_REVERSAL_HIGH_CONFIDENCE,ZOTA,2025-10-09,BUY,Bullish Engulfing,1544.0,1455.4632739334425,1359.36,1043.3097500610352,63.105075286744416,188844.0,65423.0,2.8865078030662,2.092580849714648,6.083061500224861,101013112.0,1457.9000244140625,1457.5999755859375,1489.4000244140625,1506.5999755859375,1538.4000244140625,1522.5999755859375,1563.800048828125,1605.0999755859375,1542.0999755859375,1521.5,1570.9000244140625,1568.5,1555.5999755859375,1551.300048828125,1511.0,1575.0999755859375,1560.4000244140625,1528.5,1535.199951171875,1530.5999755859375,1508.9000244140625,1532.5,1539.800048828125,1597.0999755859375,1578.5,1574.5999755859375,1648.5999755859375,1669.699951171875,1685.0999755859375,1628.699951171875,12.694300518134716,-10.906737332517,5.485748132893459,True,True,Stop,2025-10-10,-4.0,30
MOMENTUM_PULLBACK_TIGHT_EMA,SIRCA,2025-10-10,BUY,21 EMA Reclaim,488.5,482.01455419602337,468.5430004882812,356.3255002593994,55.46251952318764,360046.0,447809.65,0.8040157240916983,4.775828460038986,1.345487547527281,218755014.025,501.1499938964844,503.1000061035156,501.54998779296875,500.20001220703125,493.6499938964844,493.1499938964844,496.04998779296875,503.70001220703125,501.8999938964844,502.54998779296875,510.04998779296875,511.75,514.0,519.0999755859375,522.25,506.54998779296875,504.1000061035156,510.20001220703125,526.6500244140625,515.0,512.4000244140625,512.3499755859375,520.0999755859375,529.25,534.5999755859375,532.5999755859375,529.8499755859375,521.5999755859375,516.7999877929688,513.5,10.337768679631525,-1.0133085377750768,5.117707267144319,True,False,Target,2025-10-16,5.0,30
RANGE_BREAKOUT_VOLUME_RSI_65_68,HBLENGINE,2025-10-13,BUY,20D High Breakout,916.75,852.6836347645993,796.4969995117187,608.5249998474121,67.9810307013045,4481310.0,1457416.55,3.0748312827928292,1.3610957695033061,7.513497694028981,1336086622.2125,917.7000122070312,896.4000244140625,921.4500122070312,936.0499877929688,944.0499877929688,954.1500244140625,924.9000244140625,931.7000122070312,992.4500122070312,1001.7000122070312,1011.7000122070312,1002.75,1004.2000122070312,988.4000244140625,994.9000244140625,966.0999755859375,979.2000122070312,1098.800048828125,994.2000122070312,975.0999755859375,964.7999877929688,1041.300048828125,1038.4000244140625,1028.699951171875,935.4000244140625,931.0999755859375,896.9000244140625,885.2000122070312,881.5999755859375,884.5,22.388873738751023,-4.685029965315653,-3.517862012544314,True,True,Target,2025-10-17,5.0,30
RANGE_BREAKOUT_VOLUME_RSI_65_68,MOTILALOFS,2025-10-13,BUY,20D High Breakout,1003.9500122070312,936.7736063066413,921.6099963378906,799.1334970092773,65.88985149123845,3415903.0,1038681.6,3.288691163875436,5.6437958452038295,7.171039560480585,1042784404.9992187,999.0,1019.25,1006.75,1004.6500244140625,1020.3499755859375,1026.25,1020.2000122070312,1036.199951171875,1058.9000244140625,1091.300048828125,1007.7999877929688,1025.300048828125,978.0,1008.9000244140625,986.0,987.5,996.4500122070312,1002.0999755859375,988.9000244140625,996.6500244140625,990.6500244140625,991.2999877929688,984.4000244140625,972.0999755859375,967.5499877929688,952.4000244140625,947.7999877929688,946.4000244140625,945.9000244140625,959.6500244140625,9.278346754947513,-7.923700067306161,-4.412569077576081,True,True,Target,2025-10-27,5.0,30
BE_VOLUME_HC_BALANCED,NESTLEIND,2025-10-15,BUY,Bullish Engulfing,1221.4000244140625,1184.613162265207,1170.8620043945311,1157.8917474365235,62.0808837113631,2283392.0,1310197.7,1.7427843141535053,3.5114707136839005,3.105390292854086,1600275502.7672484,1276.5999755859375,1289.5,1285.4000244140625,1287.300048828125,1272.800048828125,1282.0,1283.0,1271.0,1273.0,1279.9000244140625,1271.5999755859375,1266.699951171875,1265.0,1266.0999755859375,1262.699951171875,1262.9000244140625,1268.0999755859375,1278.199951171875,1275.199951171875,1271.5999755859375,1270.300048828125,1265.0999755859375,1279.0,1279.199951171875,1280.699951171875,1269.199951171875,1263.199951171875,1276.800048828125,1266.4000244140625,1261.0999755859375,7.384963924095733,-0.40118096578663237,3.250364366982889,True,False,Target,2025-10-16,5.0,30
BE_VOLUME_HC_COOL_RVOL,NESTLEIND,2025-10-15,BUY,Bullish Engulfing,1221.4000244140625,1184.613162265207,1170.8620043945311,1157.8917474365235,62.0808837113631,2283392.0,1310197.7,1.7427843141535053,3.5114707136839005,3.105390292854086,1600275502.7672484,1276.5999755859375,1289.5,1285.4000244140625,1287.300048828125,1272.800048828125,1282.0,1283.0,1271.0,1273.0,1279.9000244140625,1271.5999755859375,1266.699951171875,1265.0,1266.0999755859375,1262.699951171875,1262.9000244140625,1268.0999755859375,1278.199951171875,1275.199951171875,1271.5999755859375,1270.300048828125,1265.0999755859375,1279.0,1279.199951171875,1280.699951171875,1269.199951171875,1263.199951171875,1276.800048828125,1266.4000244140625,1261.0999755859375,7.384963924095733,-0.40118096578663237,3.250364366982889,True,False,Target,2025-10-16,5.0,30
BE_VOLUME_HC_EARLY_SURGE,NESTLEIND,2025-10-15,BUY,Bullish Engulfing,1221.4000244140625,1184.613162265207,1170.8620043945311,1157.8917474365235,62.0808837113631,2283392.0,1310197.7,1.7427843141535053,3.5114707136839005,3.105390292854086,1600275502.7672484,1276.5999755859375,1289.5,1285.4000244140625,1287.300048828125,1272.800048828125,1282.0,1283.0,1271.0,1273.0,1279.9000244140625,1271.5999755859375,1266.699951171875,1265.0,1266.0999755859375,1262.699951171875,1262.9000244140625,1268.0999755859375,1278.199951171875,1275.199951171875,1271.5999755859375,1270.300048828125,1265.0999755859375,1279.0,1279.199951171875,1280.699951171875,1269.199951171875,1263.199951171875,1276.800048828125,1266.4000244140625,1261.0999755859375,7.384963924095733,-0.40118096578663237,3.250364366982889,True,False,Target,2025-10-16,5.0,30
BE_VOLUME_HC_MID_52W,NESTLEIND,2025-10-15,BUY,Bullish Engulfing,1221.4000244140625,1184.613162265207,1170.8620043945311,1157.8917474365235,62.0808837113631,2283392.0,1310197.7,1.7427843141535053,3.5114707136839005,3.105390292854086,1600275502.7672484,1276.5999755859375,1289.5,1285.4000244140625,1287.300048828125,1272.800048828125,1282.0,1283.0,1271.0,1273.0,1279.9000244140625,1271.5999755859375,1266.699951171875,1265.0,1266.0999755859375,1262.699951171875,1262.9000244140625,1268.0999755859375,1278.199951171875,1275.199951171875,1271.5999755859375,1270.300048828125,1265.0999755859375,1279.0,1279.199951171875,1280.699951171875,1269.199951171875,1263.199951171875,1276.800048828125,1266.4000244140625,1261.0999755859375,7.384963924095733,-0.40118096578663237,3.250364366982889,True,False,Target,2025-10-16,5.0,30
BE_VOLUME_REVERSAL_HIGH_CONFIDENCE,NESTLEIND,2025-10-15,BUY,Bullish Engulfing,1221.4000244140625,1184.613162265207,1170.8620043945311,1157.8917474365235,62.0808837113631,2283392.0,1310197.7,1.7427843141535053,3.5114707136839005,3.105390292854086,1600275502.7672484,1276.5999755859375,1289.5,1285.4000244140625,1287.300048828125,1272.800048828125,1282.0,1283.0,1271.0,1273.0,1279.9000244140625,1271.5999755859375,1266.699951171875,1265.0,1266.0999755859375,1262.699951171875,1262.9000244140625,1268.0999755859375,1278.199951171875,1275.199951171875,1271.5999755859375,1270.300048828125,1265.0999755859375,1279.0,1279.199951171875,1280.699951171875,1269.199951171875,1263.199951171875,1276.800048828125,1266.4000244140625,1261.0999755859375,7.384963924095733,-0.40118096578663237,3.250364366982889,True,False,Target,2025-10-16,5.0,30
RANGE_BREAKOUT_VOLUME_RSI_65_68,ICICIGI,2025-10-15,BUY,20D High Breakout,2020.300048828125,1893.5350873215089,1889.1839990234375,1863.2842449951172,67.71597094114662,7140189.0,952745.9,7.494326661494949,5.81351753715035,6.694619093957796,1924832588.290796,2010.0999755859375,2001.0,2011.0999755859375,2007.0,1979.199951171875,1993.9000244140625,1986.4000244140625,2019.0,2029.9000244140625,2014.0999755859375,1993.699951171875,2007.5999755859375,2040.0,2001.0,2020.199951171875,2025.4000244140625,1996.0999755859375,2028.5999755859375,2033.800048828125,2005.0999755859375,2042.9000244140625,2025.800048828125,2041.699951171875,2037.5999755859375,2004.0999755859375,1997.5,1999.0,2010.300048828125,1980.699951171875,1970.5,2.207585627763319,-3.326242222345483,-2.464982805747667,False,False,Time,2025-11-28,-2.464982805747667,30
RANGE_BREAKOUT_VOLUME_RSI_65_68,HCG,2025-10-16,BUY,20D High Breakout,709.2999877929688,673.1418489594571,667.4540014648437,569.7680010986328,66.0028338372336,1469870.0,376460.9,3.9044426658917297,1.211700864489032,5.371548194396905,267023711.77453005,733.5499877929688,733.7999877929688,721.0999755859375,728.5499877929688,759.0999755859375,720.9000244140625,728.5,776.2999877929688,767.1500244140625,747.1500244140625,752.9000244140625,762.5999755859375,755.2999877929688,759.5999755859375,762.5999755859375,743.9500122070312,747.9000244140625,751.4500122070312,739.8499755859375,735.5,735.9500122070312,747.4500122070312,743.0499877929688,723.9500122070312,720.9500122070312,726.0999755859375,731.4000244140625,715.9500122070312,730.3499755859375,739.0,13.442836354443111,-1.741149837654054,4.18722863642571,True,False,Target,2025-10-24,5.0,30
BE_VOLUME_HC_BALANCED,NAM-INDIA,2025-10-17,BUY,Bullish Engulfing,913.2999877929688,869.6600438274785,839.9249987792969,715.3414996337891,67.28916992011204,1468961.0,955298.05,1.5376991505425976,2.736955506606097,5.0180463360631835,872473697.403647,951.0499877929688,968.2000122070312,940.75,922.75,915.6500244140625,904.9500122070312,857.9000244140625,871.7999877929688,874.7999877929688,870.4000244140625,881.5499877929688,866.8499755859375,849.5499877929688,891.0,870.5999755859375,873.0999755859375,884.9500122070312,863.25,858.9000244140625,862.25,883.0999755859375,885.7999877929688,881.3499755859375,876.0499877929688,858.2999877929688,859.4000244140625,875.5,875.5999755859375,857.75,837.9000244140625,8.10795891631554,-8.87988357274802,-8.255771858829618,True,True,Target,2025-10-21,5.0,30
BE_VOLUME_REVERSAL_HIGH_CONFIDENCE,NAM-INDIA,2025-10-17,BUY,Bullish Engulfing,913.2999877929688,869.6600438274785,839.9249987792969,715.3414996337891,67.28916992011204,1468961.0,955298.05,1.5376991505425976,2.736955506606097,5.0180463360631835,872473697.403647,951.0499877929688,968.2000122070312,940.75,922.75,915.6500244140625,904.9500122070312,857.9000244140625,871.7999877929688,874.7999877929688,870.4000244140625,881.5499877929688,866.8499755859375,849.5499877929688,891.0,870.5999755859375,873.0999755859375,884.9500122070312,863.25,858.9000244140625,862.25,883.0999755859375,885.7999877929688,881.3499755859375,876.0499877929688,858.2999877929688,859.4000244140625,875.5,875.5999755859375,857.75,837.9000244140625,8.10795891631554,-8.87988357274802,-8.255771858829618,True,True,Target,2025-10-21,5.0,30
BE_VOLUME_REVERSAL_RSI_65_68,NAM-INDIA,2025-10-17,BUY,Bullish Engulfing,913.2999877929688,869.6600438274785,839.9249987792969,715.3414996337891,67.28916992011204,1468961.0,955298.05,1.5376991505425976,2.736955506606097,5.0180463360631835,872473697.403647,951.0499877929688,968.2000122070312,940.75,922.75,915.6500244140625,904.9500122070312,857.9000244140625,871.7999877929688,874.7999877929688,870.4000244140625,881.5499877929688,866.8499755859375,849.5499877929688,891.0,870.5999755859375,873.0999755859375,884.9500122070312,863.25,858.9000244140625,862.25,883.0999755859375,885.7999877929688,881.3499755859375,876.0499877929688,858.2999877929688,859.4000244140625,875.5,875.5999755859375,857.75,837.9000244140625,8.10795891631554,-8.87988357274802,-8.255771858829618,True,True,Target,2025-10-21,5.0,30
RANGE_BREAKOUT_VOLUME_RSI_65_68,RADICO,2025-10-17,BUY,20D High Breakout,3108.5,2964.6827127665124,2909.21599609375,2554.9889953613283,66.5620261160386,701637.0,187224.35,3.7475734326224126,0.6869009584664537,4.851017837901567,581986891.975,3254.699951171875,3302.10009765625,3283.300048828125,3220.0,3214.0,3188.300048828125,3164.10009765625,3144.699951171875,3131.5,3193.60009765625,3199.60009765625,3185.89990234375,3310.89990234375,3259.60009765625,3275.60009765625,3302.699951171875,3187.10009765625,3259.89990234375,3285.39990234375,3290.800048828125,3229.5,3368.0,3273.10009765625,3256.10009765625,3284.5,3294.0,3160.199951171875,3208.10009765625,3217.0,3211.60009765625,15.550905656868263,0.1158146262264758,3.316715382218112,True,False,Target,2025-10-20,5.0,30
RANGE_BREAKOUT_VOLUME_RSI_65_68,ABDL,2025-10-20,BUY,20D High Breakout,580.9000244140625,540.7078946150882,524.5820013427734,421.5960011291504,67.47658634619401,1310443.0,351237.2,3.7309345365468123,1.165457351924713,7.433242643439804,204033698.05512697,603.6500244140625,625.4500122070312,618.3499755859375,611.8499755859375,611.9000244140625,648.75,639.4000244140625,662.0499877929688,683.7999877929688,672.0499877929688,642.0999755859375,642.9000244140625,622.9000244140625,617.4500122070312,636.6500244140625,625.5,649.9000244140625,670.3499755859375,664.5499877929688,660.75,654.2999877929688,650.75,651.25,660.5999755859375,652.1500244140625,654.5499877929688,653.7999877929688,622.9500122070312,598.5999755859375,616.75,19.951791789957536,0.8521175699498165,6.171453620112748,True,False,Target,2025-10-23,5.0,30
RANGE_BREAKOUT_VOLUME_RSI_65_68,BANKINDIA,2025-10-20,BUY,20D High Breakout,129.77000427246094,123.66286594354139,118.32959945678711,112.01389980316162,65.46114845370573,27195370.0,9744393.1,2.7908736563593686,0.5212669158214288,4.938538568002926,1264529934.219539,130.25999450683594,135.52999877929688,133.89999389648438,139.7100067138672,141.08999633789062,140.77000427246094,138.83999633789062,139.8800048828125,142.1300048828125,142.16000366210938,140.1699981689453,144.5800018310547,145.94000244140625,145.50999450683594,146.66000366210938,144.6199951171875,146.52000427246094,147.35000610351562,146.49000549316406,148.58999633789062,147.72000122070312,145.4600067138672,145.85000610351562,147.2100067138672,148.85000610351562,147.63999938964844,147.13999938964844,147.24000549316406,145.72999572753906,140.3000030517578,16.69105932819706,0.1772333512883076,8.114354960787724,True,False,Target,2025-10-23,5.0,30
RANGE_BREAKOUT_VOLUME_RSI_65_68,VSTTILLERS,2025-10-24,BUY,20D High Breakout,5703.5,5416.857368417727,5314.94798828125,4311.602495117188,67.46846866935579,78708.0,19049.35,4.131794523172707,1.3235294117647058,5.2916776663440475,108647967.725,5822.0,5934.5,5946.0,5971.5,5989.5,6085.0,6102.5,5873.5,5892.0,5897.5,5970.5,5910.5,5766.0,5675.0,5570.0,5567.0,5353.5,5322.0,5273.0,5343.0,5494.5,5516.5,5490.5,5601.5,5756.5,5695.0,5643.0,5656.0,5574.0,5535.0,7.81099324975892,-8.635048654335058,-2.954326290874025,True,True,Target,2025-10-29,5.0,30
BE_VOLUME_HC_COOL_RVOL,CUB,2025-10-27,BUY,Bullish Engulfing,231.6300048828125,219.1077420723615,210.50059997558594,189.92394973754884,64.52930957724865,3707753.0,1904786.4,1.9465452924275395,1.2238785147921107,5.715116541302065,441205683.1327148,239.27000427246094,236.1199951171875,235.6699981689453,228.6699981689453,236.0399932861328,258.6499938964844,254.8800048828125,255.4199981689453,253.88999938964844,260.8999938964844,251.69000244140625,259.9700012207031,270.5899963378906,277.94000244140625,278.760009765625,274.3500061035156,265.44000244140625,262.7300109863281,271.45001220703125,273.82000732421875,278.6400146484375,275.010009765625,271.0799865722656,282.95001220703125,273.0,274.04998779296875,269.6000061035156,271.8500061035156,264.8999938964844,264.3999938964844,22.60933126676866,-2.862325580905111,14.14755788234389,True,False,Target,2025-11-04,5.0,30
BE_VOLUME_HC_EARLY_SURGE,CUB,2025-10-27,BUY,Bullish Engulfing,231.6300048828125,219.1077420723615,210.50059997558594,189.92394973754884,64.52930957724865,3707753.0,1904786.4,1.9465452924275395,1.2238785147921107,5.715116541302065,441205683.1327148,239.27000427246094,236.1199951171875,235.6699981689453,228.6699981689453,236.0399932861328,258.6499938964844,254.8800048828125,255.4199981689453,253.88999938964844,260.8999938964844,251.69000244140625,259.9700012207031,270.5899963378906,277.94000244140625,278.760009765625,274.3500061035156,265.44000244140625,262.7300109863281,271.45001220703125,273.82000732421875,278.6400146484375,275.010009765625,271.0799865722656,282.95001220703125,273.0,274.04998779296875,269.6000061035156,271.8500061035156,264.8999938964844,264.3999938964844,22.60933126676866,-2.862325580905111,14.14755788234389,True,False,Target,2025-11-04,5.0,30
BE_VOLUME_REVERSAL_HIGH_CONFIDENCE,CUB,2025-10-27,BUY,Bullish Engulfing,231.6300048828125,219.1077420723615,210.50059997558594,189.92394973754884,64.52930957724865,3707753.0,1904786.4,1.9465452924275395,1.2238785147921107,5.715116541302065,441205683.1327148,239.27000427246094,236.1199951171875,235.6699981689453,228.6699981689453,236.0399932861328,258.6499938964844,254.8800048828125,255.4199981689453,253.88999938964844,260.8999938964844,251.69000244140625,259.9700012207031,270.5899963378906,277.94000244140625,278.760009765625,274.3500061035156,265.44000244140625,262.7300109863281,271.45001220703125,273.82000732421875,278.6400146484375,275.010009765625,271.0799865722656,282.95001220703125,273.0,274.04998779296875,269.6000061035156,271.8500061035156,264.8999938964844,264.3999938964844,22.60933126676866,-2.862325580905111,14.14755788234389,True,False,Target,2025-11-04,5.0,30
BE_VOLUME_HC_COOL_RVOL,PENIND,2025-10-29,BUY,Bullish Engulfing,261.760009765625,244.68988448659542,244.9388000488281,210.54665008544922,65.91553677092656,915539.0,521175.15,1.7566819906896942,2.763745209522663,6.976228426788405,136422812.35360107,261.5299987792969,261.3800048828125,270.8999938964844,274.54998779296875,258.20001220703125,275.95001220703125,231.85000610351562,230.8000030517578,227.1999969482422,228.6999969482422,224.6999969482422,226.25,223.6999969482422,222.5,218.0,221.89999389648438,216.8000030517578,223.25,229.39999389648438,229.4499969482422,230.10000610351562,222.6699981689453,218.63999938964844,214.36000061035156,212.5800018310547,206.8300018310547,200.6300048828125,198.24000549316406,194.7899932861328,194.88999938964844,6.930005903919997,-26.78790027504992,-25.54630496684758,True,True,Target,2025-11-04,5.0,30
BE_VOLUME_HC_MID_52W,PENIND,2025-10-29,BUY,Bullish Engulfing,261.760009765625,244.68988448659542,244.9388000488281,210.54665008544922,65.91553677092656,915539.0,521175.15,1.7566819906896942,2.763745209522663,6.976228426788405,136422812.35360107,261.5299987792969,261.3800048828125,270.8999938964844,274.54998779296875,258.20001220703125,275.95001220703125,231.85000610351562,230.8000030517578,227.1999969482422,228.6999969482422,224.6999969482422,226.25,223.6999969482422,222.5,218.0,221.89999389648438,216.8000030517578,223.25,229.39999389648438,229.4499969482422,230.10000610351562,222.6699981689453,218.63999938964844,214.36000061035156,212.5800018310547,206.8300018310547,200.6300048828125,198.24000549316406,194.7899932861328,194.88999938964844,6.930005903919997,-26.78790027504992,-25.54630496684758,True,True,Target,2025-11-04,5.0,30
BE_VOLUME_REVERSAL_HIGH_CONFIDENCE,HINDPETRO,2025-10-29,BUY,Bullish Engulfing,468.8500061035156,445.40364852205386,419.4559991455078,391.40250076293944,66.55846678417788,8351676.0,4668680.9,1.7888727413347096,0.43533400287522384,5.264069492753793,2188911068.460367,469.75,476.0,484.1000061035156,484.8500061035156,473.1499938964844,479.54998779296875,482.0,487.8999938964844,484.8999938964844,486.04998779296875,481.25,486.5,483.54998779296875,477.1499938964844,477.8999938964844,471.8999938964844,463.04998779296875,455.25,466.25,463.3999938964844,457.5,451.95001220703125,450.45001220703125,450.70001220703125,447.95001220703125,450.3500061035156,445.95001220703125,448.75,449.5,448.04998779296875,5.460169728112043,-5.662795769418205,-4.43639075179078,True,True,Target,2025-11-12,5.0,30
BE_VOLUME_REVERSAL_HIGH_CONFIDENCE,PENIND,2025-10-29,BUY,Bullish Engulfing,261.760009765625,244.68988448659542,244.9388000488281,210.54665008544922,65.91553677092656,915539.0,521175.15,1.7566819906896942,2.763745209522663,6.976228426788405,136422812.35360107,261.5299987792969,261.3800048828125,270.8999938964844,274.54998779296875,258.20001220703125,275.95001220703125,231.85000610351562,230.8000030517578,227.1999969482422,228.6999969482422,224.6999969482422,226.25,223.6999969482422,222.5,218.0,221.89999389648438,216.8000030517578,223.25,229.39999389648438,229.4499969482422,230.10000610351562,222.6699981689453,218.63999938964844,214.36000061035156,212.5800018310547,206.8300018310547,200.6300048828125,198.24000549316406,194.7899932861328,194.88999938964844,6.930005903919997,-26.78790027504992,-25.54630496684758,True,True,Target,2025-11-04,5.0,30
BE_VOLUME_REVERSAL_RSI_65_68,HINDPETRO,2025-10-29,BUY,Bullish Engulfing,468.8500061035156,445.40364852205386,419.4559991455078,391.40250076293944,66.55846678417788,8351676.0,4668680.9,1.7888727413347096,0.43533400287522384,5.264069492753793,2188911068.460367,469.75,476.0,484.1000061035156,484.8500061035156,473.1499938964844,479.54998779296875,482.0,487.8999938964844,484.8999938964844,486.04998779296875,481.25,486.5,483.54998779296875,477.1499938964844,477.8999938964844,471.8999938964844,463.04998779296875,455.25,466.25,463.3999938964844,457.5,451.95001220703125,450.45001220703125,450.70001220703125,447.95001220703125,450.3500061035156,445.95001220703125,448.75,449.5,448.04998779296875,5.460169728112043,-5.662795769418205,-4.43639075179078,True,True,Target,2025-11-12,5.0,30
BE_VOLUME_REVERSAL_RSI_65_68,PENIND,2025-10-29,BUY,Bullish Engulfing,261.760009765625,244.68988448659542,244.9388000488281,210.54665008544922,65.91553677092656,915539.0,521175.15,1.7566819906896942,2.763745209522663,6.976228426788405,136422812.35360107,261.5299987792969,261.3800048828125,270.8999938964844,274.54998779296875,258.20001220703125,275.95001220703125,231.85000610351562,230.8000030517578,227.1999969482422,228.6999969482422,224.6999969482422,226.25,223.6999969482422,222.5,218.0,221.89999389648438,216.8000030517578,223.25,229.39999389648438,229.4499969482422,230.10000610351562,222.6699981689453,218.63999938964844,214.36000061035156,212.5800018310547,206.8300018310547,200.6300048828125,198.24000549316406,194.7899932861328,194.88999938964844,6.930005903919997,-26.78790027504992,-25.54630496684758,True,True,Target,2025-11-04,5.0,30
MOMENTUM_PULLBACK_TIGHT_EMA,NHPC,2025-10-29,BUY,21 EMA Reclaim,86.94999694824219,85.8109517392002,83.9893992614746,82.89024974822998,56.29906498363779,17056980.0,12173967.35,1.401102821259004,5.837123243892436,1.3273890872388985,1058526423.9305,86.1500015258789,84.83999633789062,85.33000183105469,84.16000366210938,82.8499984741211,81.4800033569336,82.30999755859375,81.88999938964844,81.9800033569336,81.45999908447266,80.30000305175781,81.25,80.52999877929688,80.05000305175781,80.12000274658203,78.81999969482422,76.95999908447266,77.2300033569336,77.43000030517578,76.94999694824219,76.73999786376953,77.30000305175781,77.27999877929688,76.83000183105469,76.88999938964844,77.06999969482422,76.43000030517578,76.47000122070312,76.87000274658203,76.69000244140625,0.3220315336619077,-13.686019912764296,-11.799879087912213,False,True,Stop,2025-11-06,-4.0,30
RANGE_BREAKOUT_VOLUME_RSI_65_68,TI,2025-10-29,BUY,20D High Breakout,509.5,476.3198476614864,472.4209967041016,372.82794883728025,65.77925609683217,3420247.0,1069799.5,3.197091604548329,3.849787407845442,6.965939484028022,545062845.25,512.2000122070312,528.0999755859375,527.0499877929688,504.3500061035156,489.8999938964844,501.1000061035156,496.20001220703125,509.20001220703125,505.20001220703125,508.04998779296875,487.79998779296875,486.70001220703125,489.5,487.95001220703125,503.6499938964844,485.79998779296875,475.29998779296875,471.04998779296875,473.04998779296875,469.6499938964844,476.1000061035156,472.1499938964844,471.3999938964844,461.04998779296875,451.29998779296875,452.1000061035156,438.6000061035156,457.25,445.6000061035156,447.95001220703125,7.890090717768645,-15.583904592047965,-12.080468654164623,True,True,Target,2025-10-31,5.0,30
MOMENTUM_PULLBACK_TIGHT_EMA,EICHERMOT,2025-10-31,BUY,21 EMA Reclaim,7007.0,6922.4381019721695,6753.39,5709.184750976562,57.43380249222964,670785.0,354715.35,1.8910515149682698,1.6216216216216217,1.221562356819618,2485490457.45,7023.5,6930.0,6806.5,6886.0,6866.5,6873.0,6879.0,6855.0,6695.0,6799.0,6814.5,6896.5,7125.5,7134.5,7258.5,7218.5,7198.5,6999.0,7053.5,7125.5,7112.5,7081.5,7100.0,7208.0,7142.0,7123.0,7228.5,7256.0,7229.0,7121.5,4.58826887398316,-4.809476238047666,1.6340802055087769,False,True,Stop,2025-11-07,-4.0,30
BE_VOLUME_REVERSAL_HIGH_CONFIDENCE,TATACONSUM,2025-11-03,BUY,Bullish Engulfing,1197.5,1155.3254931857693,1122.8400024414063,1076.090503845215,67.53751401715009,2595111.0,1213528.35,2.1384840329441004,0.44064255179310813,3.650443711575682,1453200199.125,1179.300048828125,1190.4000244140625,1167.199951171875,1142.699951171875,1156.199951171875,1162.0,1154.800048828125,1157.800048828125,1178.9000244140625,1154.0999755859375,1162.0999755859375,1173.9000244140625,1183.0999755859375,1186.0,1177.699951171875,1185.300048828125,1177.699951171875,1172.4000244140625,1163.800048828125,1162.199951171875,1140.0,1148.4000244140625,1162.9000244140625,1145.800048828125,1146.699951171875,1140.0999755859375,1142.0999755859375,1149.300048828125,1157.4000244140625,1169.9000244140625,0.1920708833507307,-5.478077293188935,-2.304799631393528,False,True,Stop,2025-11-04,-4.0,30
BE_VOLUME_REVERSAL_RSI_65_68,TATACONSUM,2025-11-03,BUY,Bullish Engulfing,1197.5,1155.3254931857693,1122.8400024414063,1076.090503845215,67.53751401715009,2595111.0,1213528.35,2.1384840329441004,0.44064255179310813,3.650443711575682,1453200199.125,1179.300048828125,1190.4000244140625,1167.199951171875,1142.699951171875,1156.199951171875,1162.0,1154.800048828125,1157.800048828125,1178.9000244140625,1154.0999755859375,1162.0999755859375,1173.9000244140625,1183.0999755859375,1186.0,1177.699951171875,1185.300048828125,1177.699951171875,1172.4000244140625,1163.800048828125,1162.199951171875,1140.0,1148.4000244140625,1162.9000244140625,1145.800048828125,1146.699951171875,1140.0999755859375,1142.0999755859375,1149.300048828125,1157.4000244140625,1169.9000244140625,0.1920708833507307,-5.478077293188935,-2.304799631393528,False,True,Stop,2025-11-04,-4.0,30
RANGE_BREAKOUT_VOLUME_RSI_65_68,NEULANDLAB,2025-11-03,BUY,20D High Breakout,17159.0,15972.956827532887,15228.58,13193.812763671875,66.85242332083291,76688.0,36801.75,2.0838139490649223,5.198895027624309,7.425320091160001,631481228.25,17608.0,17550.0,17837.0,18113.0,17193.0,17577.0,17223.0,17461.0,17356.0,17250.0,17076.0,16719.0,16598.0,16283.0,16846.0,16650.0,16593.0,17288.0,16587.0,16354.0,16974.0,16995.0,16887.0,16078.0,16674.0,16299.0,16176.0,16079.0,16439.0,16123.0,15.082464013054372,-7.634477533655808,-6.037647881578181,True,True,Target,2025-11-04,5.0,30
RANGE_BREAKOUT_VOLUME_RSI_65_68,TATACONSUM,2025-11-03,BUY,20D High Breakout,1197.5,1155.3254931857693,1122.8400024414063,1076.090503845215,67.53751401715009,2595111.0,1213528.35,2.1384840329441004,0.44064255179310813,3.650443711575682,1453200199.125,1179.300048828125,1190.4000244140625,1167.199951171875,1142.699951171875,1156.199951171875,1162.0,1154.800048828125,1157.800048828125,1178.9000244140625,1154.0999755859375,1162.0999755859375,1173.9000244140625,1183.0999755859375,1186.0,1177.699951171875,1185.300048828125,1177.699951171875,1172.4000244140625,1163.800048828125,1162.199951171875,1140.0,1148.4000244140625,1162.9000244140625,1145.800048828125,1146.699951171875,1140.0999755859375,1142.0999755859375,1149.300048828125,1157.4000244140625,1169.9000244140625,0.1920708833507307,-5.478077293188935,-2.304799631393528,False,True,Stop,2025-11-04,-4.0,30
MOMENTUM_PULLBACK_TIGHT_EMA,BAJFINANCE,2025-11-04,BUY,21 EMA Reclaim,1057.0,1048.2313135132977,999.1969995117188,909.5702236938477,56.79686509469793,6202540.0,6550997.8,0.9468084388610236,4.1269841269841265,0.8365220895102652,6924404674.599999,1041.9000244140625,1066.5999755859375,1085.0,1005.2000122070312,1013.2000122070312,1005.4000244140625,1018.5,1026.800048828125,1013.5999755859375,1005.5999755859375,1028.5999755859375,1004.0999755859375,994.0,986.2000122070312,1010.7000122070312,1033.800048828125,1037.5,1021.0999755859375,1025.5,1021.4000244140625,1029.0999755859375,1048.0,1026.4000244140625,1016.7000122070312,1010.2999877929688,1006.4000244140625,1017.2999877929688,1012.7000122070312,998.4000244140625,999.5999755859375,2.9328287606433303,-7.161779773607497,-5.430465885909413,False,True,Stop,2025-11-11,-4.0,30
MOMENTUM_PULLBACK_TIGHT_EMA,INOXINDIA,2025-11-04,BUY,21 EMA Reclaim,1214.0999755859375,1198.2976031400717,1188.4239892578125,1106.433745727539,55.16762073270087,99043.0,55009.65,1.8004659182525247,5.7375795352533,1.3187352127265008,66787214.721990965,1202.9000244140625,1175.300048828125,1177.800048828125,1200.699951171875,1200.699951171875,1200.199951171875,1200.5,1231.4000244140625,1208.0999755859375,1159.0,1155.199951171875,1150.0999755859375,1173.199951171875,1175.5,1178.4000244140625,1193.9000244140625,1169.5999755859375,1150.699951171875,1151.9000244140625,1157.0,1154.300048828125,1137.800048828125,1127.699951171875,1154.5999755859375,1150.5999755859375,1141.300048828125,1141.0,1150.699951171875,1132.0,1117.5999755859375,3.78058029297881,-8.722512687882563,-7.9482746018035355,False,True,Stop,2025-11-06,-4.0,30
BE_VOLUME_REVERSAL_RSI_65_68,PTCIL,2025-11-06,BUY,Bullish Engulfing,17430.0,16793.187519947096,15583.74,14405.1905078125,65.45184491246019,21984.0,18232.5,1.2057589469354175,3.1397610447346485,3.792088186334444,317792475.0,17441.0,17327.0,17513.0,17526.0,17285.0,16944.0,17324.0,17234.0,17231.0,17153.0,17236.0,17760.0,17876.0,18135.0,18037.0,18177.0,18255.0,18352.0,18376.0,18260.0,18875.0,18913.0,18908.0,18614.0,18227.0,18235.0,17527.0,17534.0,17437.0,16911.0,11.227768215720022,-6.379804934021801,-2.9776247848537007,True,True,Target,2025-11-26,5.0,30
BE_VOLUME_HC_BALANCED,MCX,2025-11-07,BUY,Bullish Engulfing,1886.0999755859375,1812.6201604157864,1675.42599609375,1413.5881994628905,62.25574564342628,6315385.0,3661554.75,1.7247823482633982,2.020780489042208,4.053790020370072,6906058324.5815735,1906.0999755859375,1899.0,1886.4000244140625,1919.4000244140625,1933.300048828125,1939.5999755859375,1933.0,1959.800048828125,1971.699951171875,1936.5999755859375,1973.0999755859375,1973.4000244140625,2056.60009765625,2084.89990234375,2014.699951171875,2042.0,2043.800048828125,2027.5999755859375,2024.199951171875,2068.60009765625,2036.5999755859375,2071.60009765625,1972.800048828125,1987.5999755859375,2032.4000244140625,2037.199951171875,2032.800048828125,2005.0,2034.4000244140625,2061.39990234375,11.510523217015207,-1.0921995574247274,9.294307249187767,True,False,Target,2025-11-20,5.0,30
BE_VOLUME_HC_COOL_RVOL,MCX,2025-11-07,BUY,Bullish Engulfing,1886.0999755859375,1812.6201604157864,1675.42599609375,1413.5881994628905,62.25574564342628,6315385.0,3661554.75,1.7247823482633982,2.020780489042208,4.053790020370072,6906058324.5815735,1906.0999755859375,1899.0,1886.4000244140625,1919.4000244140625,1933.300048828125,1939.5999755859375,1933.0,1959.800048828125,1971.699951171875,1936.5999755859375,1973.0999755859375,1973.4000244140625,2056.60009765625,2084.89990234375,2014.699951171875,2042.0,2043.800048828125,2027.5999755859375,2024.199951171875,2068.60009765625,2036.5999755859375,2071.60009765625,1972.800048828125,1987.5999755859375,2032.4000244140625,2037.199951171875,2032.800048828125,2005.0,2034.4000244140625,2061.39990234375,11.510523217015207,-1.0921995574247274,9.294307249187767,True,False,Target,2025-11-20,5.0,30
BE_VOLUME_HC_EARLY_SURGE,MCX,2025-11-07,BUY,Bullish Engulfing,1886.0999755859375,1812.6201604157864,1675.42599609375,1413.5881994628905,62.25574564342628,6315385.0,3661554.75,1.7247823482633982,2.020780489042208,4.053790020370072,6906058324.5815735,1906.0999755859375,1899.0,1886.4000244140625,1919.4000244140625,1933.300048828125,1939.5999755859375,1933.0,1959.800048828125,1971.699951171875,1936.5999755859375,1973.0999755859375,1973.4000244140625,2056.60009765625,2084.89990234375,2014.699951171875,2042.0,2043.800048828125,2027.5999755859375,2024.199951171875,2068.60009765625,2036.5999755859375,2071.60009765625,1972.800048828125,1987.5999755859375,2032.4000244140625,2037.199951171875,2032.800048828125,2005.0,2034.4000244140625,2061.39990234375,11.510523217015207,-1.0921995574247274,9.294307249187767,True,False,Target,2025-11-20,5.0,30
BE_VOLUME_HC_MID_52W,MCX,2025-11-07,BUY,Bullish Engulfing,1886.0999755859375,1812.6201604157864,1675.42599609375,1413.5881994628905,62.25574564342628,6315385.0,3661554.75,1.7247823482633982,2.020780489042208,4.053790020370072,6906058324.5815735,1906.0999755859375,1899.0,1886.4000244140625,1919.4000244140625,1933.300048828125,1939.5999755859375,1933.0,1959.800048828125,1971.699951171875,1936.5999755859375,1973.0999755859375,1973.4000244140625,2056.60009765625,2084.89990234375,2014.699951171875,2042.0,2043.800048828125,2027.5999755859375,2024.199951171875,2068.60009765625,2036.5999755859375,2071.60009765625,1972.800048828125,1987.5999755859375,2032.4000244140625,2037.199951171875,2032.800048828125,2005.0,2034.4000244140625,2061.39990234375,11.510523217015207,-1.0921995574247274,9.294307249187767,True,False,Target,2025-11-20,5.0,30
BE_VOLUME_REVERSAL_HIGH_CONFIDENCE,MCX,2025-11-07,BUY,Bullish Engulfing,1886.0999755859375,1812.6201604157864,1675.42599609375,1413.5881994628905,62.25574564342628,6315385.0,3661554.75,1.7247823482633982,2.020780489042208,4.053790020370072,6906058324.5815735,1906.0999755859375,1899.0,1886.4000244140625,1919.4000244140625,1933.300048828125,1939.5999755859375,1933.0,1959.800048828125,1971.699951171875,1936.5999755859375,1973.0999755859375,1973.4000244140625,2056.60009765625,2084.89990234375,2014.699951171875,2042.0,2043.800048828125,2027.5999755859375,2024.199951171875,2068.60009765625,2036.5999755859375,2071.60009765625,1972.800048828125,1987.5999755859375,2032.4000244140625,2037.199951171875,2032.800048828125,2005.0,2034.4000244140625,2061.39990234375,11.510523217015207,-1.0921995574247274,9.294307249187767,True,False,Target,2025-11-20,5.0,30
BE_VOLUME_REVERSAL_HIGH_CONFIDENCE,UNOMINDA,2025-11-10,BUY,Bullish Engulfing,1319.300048828125,1245.0904566098168,1271.4540014648437,1064.71175201416,62.866463765855855,2923214.0,956138.1,3.057313582629957,4.536899505924385,5.960176774655324,1261433042.0164306,1311.0999755859375,1332.9000244140625,1303.199951171875,1307.199951171875,1299.9000244140625,1292.300048828125,1305.0999755859375,1298.0,1281.4000244140625,1279.5,1285.300048828125,1320.0999755859375,1312.4000244140625,1306.800048828125,1309.0999755859375,1294.4000244140625,1266.9000244140625,1271.9000244140625,1272.4000244140625,1258.199951171875,1231.699951171875,1223.300048828125,1234.9000244140625,1248.0999755859375,1239.4000244140625,1257.0,1248.800048828125,1226.5999755859375,1267.800048828125,1295.199951171875,1.6448078805992687,-7.898133054322535,-1.8267336287645128,False,True,Stop,2025-12-03,-4.0,30
MOMENTUM_PULLBACK_TIGHT_EMA,BERGEPAINT,2025-11-11,BUY,21 EMA Reclaim,546.2000122070312,539.1576769590888,536.7289990234375,535.5997494506836,55.344967999223734,615377.0,407304.3,1.5108531876535554,9.719006246771695,1.306173601693298,222469613.6319763,560.0999755859375,577.9000244140625,579.5499877929688,578.0999755859375,586.5999755859375,588.9500122070312,590.0999755859375,579.5499877929688,579.2999877929688,569.1500244140625,575.6500244140625,570.8499755859375,564.5999755859375,556.0999755859375,559.0499877929688,558.2999877929688,556.1500244140625,554.5,539.0999755859375,539.9500122070312,549.0999755859375,539.5,541.25,540.0999755859375,540.0499877929688,538.9000244140625,536.3499755859375,538.0,542.1500244140625,544.0499877929688,8.852064171615389,-3.1398799031080884,-0.39363316843858953,True,False,Target,2025-11-13,5.0,30
RANGE_BREAKOUT_VOLUME_RSI_65_68,BORORENEW,2025-11-11,BUY,20D High Breakout,699.2999877929688,653.6935088380972,613.8969995117187,556.7919998168945,65.61690788379826,4526913.0,1095649.7,4.131715638675391,0.8085123697916666,6.976737314698826,766187821.8353698,680.5,647.5,659.7000122070312,647.5,632.5499877929688,616.3499755859375,612.9500122070312,590.4000244140625,587.2000122070312,583.0499877929688,600.9000244140625,590.9500122070312,581.5999755859375,565.7999877929688,564.7999877929688,578.2000122070312,567.1500244140625,552.0,536.2000122070312,546.7000122070312,540.2999877929688,547.0,545.0999755859375,543.6500244140625,532.8499755859375,531.4500122070312,521.6500244140625,556.0499877929688,546.1500244140625,549.0,3.1031049028783406,-25.639924341890797,-21.492920122496244,False,True,Stop,2025-11-12,-4.0,30
BE_VOLUME_REVERSAL_RSI_65_68,ARMANFIN,2025-11-14,BUY,Bullish Engulfing,1729.5,1634.7284677788891,1556.6559985351562,1512.4175018310548,66.01092112540356,175803.0,29013.25,6.059403893048866,5.728767959476861,5.797386788637581,50178415.875,1745.699951171875,1723.9000244140625,1719.4000244140625,1700.5,1697.699951171875,1645.800048828125,1634.0999755859375,1630.5,1617.699951171875,1638.0999755859375,1609.5999755859375,1587.199951171875,1539.800048828125,1508.5999755859375,1490.0999755859375,1453.800048828125,1450.0,1424.300048828125,1425.9000244140625,1482.5999755859375,1492.800048828125,1518.0999755859375,1573.199951171875,1513.800048828125,1481.0,1459.699951171875,1489.4000244140625,1507.800048828125,1508.300048828125,1518.699951171875,2.9199190517490607,-19.745591211332755,-12.188496607581671,False,True,Stop,2025-11-24,-4.0,30
RANGE_BREAKOUT_VOLUME_RSI_65_68,ARMANFIN,2025-11-14,BUY,20D High Breakout,1729.5,1634.7284677788891,1556.6559985351562,1512.4175018310548,66.01092112540356,175803.0,29013.25,6.059403893048866,5.728767959476861,5.797386788637581,50178415.875,1745.699951171875,1723.9000244140625,1719.4000244140625,1700.5,1697.699951171875,1645.800048828125,1634.0999755859375,1630.5,1617.699951171875,1638.0999755859375,1609.5999755859375,1587.199951171875,1539.800048828125,1508.5999755859375,1490.0999755859375,1453.800048828125,1450.0,1424.300048828125,1425.9000244140625,1482.5999755859375,1492.800048828125,1518.0999755859375,1573.199951171875,1513.800048828125,1481.0,1459.699951171875,1489.4000244140625,1507.800048828125,1508.300048828125,1518.699951171875,2.9199190517490607,-19.745591211332755,-12.188496607581671,False,True,Stop,2025-11-24,-4.0,30
RANGE_BREAKOUT_VOLUME_RSI_65_68,HEROMOTOCO,2025-11-17,BUY,20D High Breakout,5798.5,5507.429634224998,5465.06,4495.923248291016,67.21994990496924,1770568.0,605351.05,2.924861532824631,0.19793459552495696,5.285049199107219,3510128063.425,5799.5,5876.5,5999.5,6002.5,5982.0,6081.5,6136.5,6151.0,6174.5,6295.5,6270.5,6211.5,6340.0,6350.5,6167.0,6001.0,5945.5,5979.5,5960.0,5959.5,5946.5,5817.0,5748.5,5781.0,5699.5,5744.0,5698.5,5637.0,5566.0,5711.0,10.175045270328534,-4.923687160472536,-1.5090109511080452,True,True,Target,2025-11-26,5.0,30
BE_VOLUME_HC_BALANCED,MOTHERSON,2025-11-19,BUY,Bullish Engulfing,112.16000366210938,107.06252229585094,106.01059967041016,96.71796634674072,66.6059442724266,33900889.0,18068072.5,1.8762869697362572,4.4633712058465855,4.761219198789585,2026515077.7672577,112.0,109.80000305175781,109.22000122070312,110.20999908447266,111.80999755859375,116.12999725341797,116.30999755859375,116.55000305175781,119.26000213623047,116.56999969482422,117.55999755859375,117.05000305175781,115.30000305175781,116.75,116.27999877929688,119.80000305175781,121.30000305175781,120.30999755859375,119.56999969482422,119.55999755859375,117.1500015258789,120.9800033569336,121.11000061035156,120.23999786376953,119.52999877929688,119.29000091552734,119.63999938964844,119.75,119.94000244140625,122.5199966430664,9.48644707760732,-3.0759668910408764,9.236798005256228,True,False,Target,2025-12-01,5.0,30
BE_VOLUME_REVERSAL_HIGH_CONFIDENCE,MOTHERSON,2025-11-19,BUY,Bullish Engulfing,112.16000366210938,107.06252229585094,106.01059967041016,96.71796634674072,66.6059442724266,33900889.0,18068072.5,1.8762869697362572,4.4633712058465855,4.761219198789585,2026515077.7672577,112.0,109.80000305175781,109.22000122070312,110.20999908447266,111.80999755859375,116.12999725341797,116.30999755859375,116.55000305175781,119.26000213623047,116.56999969482422,117.55999755859375,117.05000305175781,115.30000305175781,116.75,116.27999877929688,119.80000305175781,121.30000305175781,120.30999755859375,119.56999969482422,119.55999755859375,117.1500015258789,120.9800033569336,121.11000061035156,120.23999786376953,119.52999877929688,119.29000091552734,119.63999938964844,119.75,119.94000244140625,122.5199966430664,9.48644707760732,-3.0759668910408764,9.236798005256228,True,False,Target,2025-12-01,5.0,30
BE_VOLUME_REVERSAL_HIGH_CONFIDENCE,ZOTA,2025-11-19,BUY,Bullish Engulfing,1648.5999755859375,1551.4908747944482,1512.8680004882813,1129.602749633789,64.47077048017135,172523.0,57478.1,3.001543196452214,1.517325233814964,6.259082948480435,94758394.25672607,1669.699951171875,1685.0999755859375,1628.699951171875,1568.300048828125,1554.4000244140625,1531.5,1574.300048828125,1630.800048828125,1604.0,1618.5999755859375,1593.9000244140625,1579.0999755859375,1587.5,1581.0,1588.800048828125,1628.9000244140625,1670.199951171875,1687.0,1654.5,1643.5999755859375,1566.5999755859375,1549.300048828125,1550.699951171875,1571.300048828125,1556.4000244140625,1536.5999755859375,1518.800048828125,1525.0999755859375,1544.699951171875,1520.199951171875,5.544099585563656,-9.256337367814234,-7.788428139969321,True,True,Target,2025-11-21,5.0,30
BE_VOLUME_REVERSAL_RSI_65_68,MOTHERSON,2025-11-19,BUY,Bullish Engulfing,112.16000366210938,107.06252229585094,106.01059967041016,96.71796634674072,66.6059442724266,33900889.0,18068072.5,1.8762869697362572,4.4633712058465855,4.761219198789585,2026515077.7672577,112.0,109.80000305175781,109.22000122070312,110.20999908447266,111.80999755859375,116.12999725341797,116.30999755859375,116.55000305175781,119.26000213623047,116.56999969482422,117.55999755859375,117.05000305175781,115.30000305175781,116.75,116.27999877929688,119.80000305175781,121.30000305175781,120.30999755859375,119.56999969482422,119.55999755859375,117.1500015258789,120.9800033569336,121.11000061035156,120.23999786376953,119.52999877929688,119.29000091552734,119.63999938964844,119.75,119.94000244140625,122.5199966430664,9.48644707760732,-3.0759668910408764,9.236798005256228,True,False,Target,2025-12-01,5.0,30
MOMENTUM_PULLBACK_TIGHT_EMA,CSBBANK,2025-11-24,BUY,21 EMA Reclaim,423.95001220703125,417.69240441275923,395.91,367.1244998168945,56.73560720011635,463499.0,420716.25,1.10169027224406,5.156596821693233,1.4981377990508815,178362659.3231964,421.79998779296875,423.8999938964844,416.6499938964844,412.20001220703125,420.6000061035156,412.95001220703125,398.5,389.95001220703125,386.70001220703125,382.0,395.95001220703125,390.20001220703125,388.70001220703125,390.1499938964844,396.1000061035156,391.1499938964844,391.8999938964844,391.0,396.04998779296875,414.95001220703125,412.70001220703125,421.1000061035156,420.79998779296875,424.95001220703125,440.29998779296875,459.1000061035156,483.8999938964844,483.1499938964844,557.4500122070312,536.1500244140625,35.48767729096342,-11.050832587460087,26.46538718631753,True,True,Stop,2025-12-03,-4.0,30
RANGE_BREAKOUT_VOLUME_RSI_65_68,EICHERMOT,2025-11-24,BUY,20D High Breakout,7258.5,6947.902897039806,6935.32,5847.974001464844,67.4062207753556,1229296.0,556969.75,2.207114479736108,0.3569222321367287,4.470371960617439,4042764930.375,7218.5,7198.5,6999.0,7053.5,7125.5,7112.5,7081.5,7100.0,7208.0,7142.0,7123.0,7228.5,7256.0,7229.0,7121.5,7061.5,7134.5,7106.5,7217.0,7291.5,7303.0,7312.5,7324.0,7272.0,7192.5,7312.5,7348.0,7334.5,7482.5,7522.5,4.277743335399876,-4.167527726114211,3.637115106426948,False,True,Stop,2025-11-28,-4.0,30
MOMENTUM_PULLBACK_TIGHT_EMA,SJS,2025-12-03,BUY,21 EMA Reclaim,1702.4000244140625,1683.1547603780457,1603.07,1232.79649810791,55.414547652186634,125842.0,143266.9,0.8783745582545585,6.152148599004272,1.1434043077354465,243897574.05772704,1662.4000244140625,1668.300048828125,1661.300048828125,1702.0999755859375,1676.5,1691.300048828125,1667.300048828125,1726.4000244140625,1657.5999755859375,1645.9000244140625,1673.5999755859375,1711.800048828125,1723.0999755859375,1779.5999755859375,1752.5,1749.0,1734.4000244140625,1714.0,1699.5,1779.800048828125,1840.199951171875,1829.300048828125,1783.800048828125,1787.800048828125,1756.5,1681.9000244140625,1666.699951171875,1719.5999755859375,1684.5999755859375,1671.0,9.786182636086275,-4.775613701962152,-1.8444562948634744,True,True,Stop,2025-12-08,-4.0,30
RANGE_BREAKOUT_VOLUME_RSI_65_68,ECLERX,2025-12-03,BUY,20D High Breakout,2455.699951171875,2276.2227675282365,2183.7699853515624,1804.3339935302733,66.11433680732303,633506.0,211481.7,2.995559426654883,0.9598729109951604,7.884869012119308,519335600.36374515,2448.300048828125,2416.10009765625,2380.14990234375,2249.449951171875,2206.949951171875,2220.949951171875,2246.25,2325.199951171875,2233.949951171875,2229.199951171875,2234.10009765625,2262.25,2329.39990234375,2392.949951171875,2393.35009765625,2340.699951171875,2296.39990234375,2236.35009765625,2347.64990234375,2410.85009765625,2360.75,2387.5,2401.300048828125,2386.050048828125,2375.699951171875,2299.25,2298.199951171875,2297.10009765625,2301.300048828125,2315.550048828125,0.7024473813166057,-11.939567414657406,-5.707126486559142,False,True,Stop,2025-12-08,-4.0,30
BE_VOLUME_REVERSAL_RSI_65_68,JBCHEPHARM,2025-12-04,BUY,Bullish Engulfing,1821.699951171875,1765.6538633342116,1724.31400390625,1676.357752685547,65.15970534450179,429880.0,218791.45,1.964793414002238,6.675207419473617,3.174239810051307,398572373.78182375,1825.4000244140625,1803.9000244140625,1799.0,1809.9000244140625,1815.800048828125,1798.0,1792.199951171875,1784.5999755859375,1796.300048828125,1787.0,1805.699951171875,1807.0999755859375,1804.5999755859375,1815.5,1818.5999755859375,1799.199951171875,1800.300048828125,1819.699951171875,1820.0,1850.4000244140625,1840.199951171875,1878.199951171875,1933.0,1911.0,1888.5999755859375,1872.800048828125,1868.800048828125,1895.4000244140625,1904.0,1926.699951171875,6.4390433096661965,-2.7886001053649694,5.763847110631744,True,False,Target,2026-01-07,5.0,30
BE_VOLUME_HC_BALANCED,INDUSTOWER,2025-12-05,BUY,Bullish Engulfing,415.70001220703125,399.10667999935856,378.1159991455078,372.0662496948242,66.29214997479193,9654037.0,4931380.95,1.9576741480497466,3.3255785565043605,4.157618260786654,2049975121.1125214,403.0,403.04998779296875,404.25,410.3500061035156,415.20001220703125,409.45001220703125,408.1499938964844,407.20001220703125,408.75,414.04998779296875,411.45001220703125,414.3500061035156,423.8999938964844,419.8500061035156,422.25,422.04998779296875,418.75,435.79998779296875,442.04998779296875,434.20001220703125,432.25,429.0,430.8500061035156,433.3999938964844,432.6000061035156,427.8999938964844,438.3999938964844,433.8500061035156,428.3999938964844,414.54998779296875,9.441904942849101,-4.618718220645387,-0.2766476738734741,True,True,Stop,2025-12-08,-4.0,30
BE_VOLUME_REVERSAL_HIGH_CONFIDENCE,INDUSTOWER,2025-12-05,BUY,Bullish Engulfing,415.70001220703125,399.10667999935856,378.1159991455078,372.0662496948242,66.29214997479193,9654037.0,4931380.95,1.9576741480497466,3.3255785565043605,4.157618260786654,2049975121.1125214,403.0,403.04998779296875,404.25,410.3500061035156,415.20001220703125,409.45001220703125,408.1499938964844,407.20001220703125,408.75,414.04998779296875,411.45001220703125,414.3500061035156,423.8999938964844,419.8500061035156,422.25,422.04998779296875,418.75,435.79998779296875,442.04998779296875,434.20001220703125,432.25,429.0,430.8500061035156,433.3999938964844,432.6000061035156,427.8999938964844,438.3999938964844,433.8500061035156,428.3999938964844,414.54998779296875,9.441904942849101,-4.618718220645387,-0.2766476738734741,True,True,Stop,2025-12-08,-4.0,30
BE_VOLUME_REVERSAL_RSI_65_68,INDUSTOWER,2025-12-05,BUY,Bullish Engulfing,415.70001220703125,399.10667999935856,378.1159991455078,372.0662496948242,66.29214997479193,9654037.0,4931380.95,1.9576741480497466,3.3255785565043605,4.157618260786654,2049975121.1125214,403.0,403.04998779296875,404.25,410.3500061035156,415.20001220703125,409.45001220703125,408.1499938964844,407.20001220703125,408.75,414.04998779296875,411.45001220703125,414.3500061035156,423.8999938964844,419.8500061035156,422.25,422.04998779296875,418.75,435.79998779296875,442.04998779296875,434.20001220703125,432.25,429.0,430.8500061035156,433.3999938964844,432.6000061035156,427.8999938964844,438.3999938964844,433.8500061035156,428.3999938964844,414.54998779296875,9.441904942849101,-4.618718220645387,-0.2766476738734741,True,True,Stop,2025-12-08,-4.0,30
BE_VOLUME_REVERSAL_RSI_65_68,M&MFIN,2025-12-05,BUY,Bullish Engulfing,367.54998779296875,343.4670981628435,312.60100036621094,278.4609387207031,65.59423400151219,15441892.0,5029087.3,3.070515797170592,5.025842947553294,7.011702069555185,1848440975.7247741,351.3999938964844,353.3999938964844,347.1499938964844,340.29998779296875,346.1000061035156,348.29998779296875,341.6000061035156,351.70001220703125,365.1499938964844,376.6000061035156,394.29998779296875,386.20001220703125,389.6499938964844,394.1499938964844,386.3999938964844,404.3999938964844,403.0,404.1499938964844,402.95001220703125,384.20001220703125,374.3500061035156,360.0,355.04998779296875,348.5,353.54998779296875,362.79998779296875,354.95001220703125,356.1499938964844,360.6000061035156,351.8999938964844,12.148014119704634,-7.8084567113682155,-4.257922572779299,True,True,Stop,2025-12-08,-4.0,30
MOMENTUM_PULLBACK_TIGHT_EMA,M&M,2025-12-05,BUY,21 EMA Reclaim,3717.10009765625,3683.26557686493,3599.46400390625,3191.5620043945314,55.251890651371674,2393280.0,2237684.8,1.0695340112244585,2.05269834897892,0.9186011729330318,8317698388.603906,3681.699951171875,3635.89990234375,3630.0,3665.199951171875,3679.60009765625,3608.0,3621.0,3612.800048828125,3586.60009765625,3603.60009765625,3616.699951171875,3625.10009765625,3636.699951171875,3623.10009765625,3592.10009765625,3660.300048828125,3709.199951171875,3761.0,3802.39990234375,3790.300048828125,3785.60009765625,3748.800048828125,3724.0,3677.300048828125,3682.0,3661.5,3649.5,3658.199951171875,3657.39990234375,3557.5,3.3036453542084914,-4.764469425182207,-4.293672310758673,False,True,Stop,2025-12-18,-4.0,30
MOMENTUM_PULLBACK_TIGHT_EMA,SBIN,2025-12-05,BUY,21 EMA Reclaim,971.5,960.9080056041279,926.14599609375,824.6162496948242,58.066692969268495,17347847.0,9868484.95,1.7579037803568827,2.7527527527527527,1.1022901603585744,9587233128.925,956.4000244140625,959.3499755859375,959.75,963.25,963.1500244140625,967.25,961.1500244140625,975.8499755859375,977.5499877929688,980.2999877929688,974.2999877929688,971.9000244140625,968.9500122070312,966.2999877929688,965.0499877929688,973.4500122070312,982.2000122070312,984.75,998.9500122070312,1005.5499877929688,1018.9000244140625,1007.1500244140625,998.0,1000.5,1015.1500244140625,1028.449951171875,1028.3499755859375,1042.300048828125,1038.4000244140625,1036.4000244140625,8.286155429747813,-2.1667511881594184,6.680393660737262,True,False,Target,2026-01-06,5.0,30
MOMENTUM_PULLBACK_TIGHT_EMA,3MINDIA,2025-12-08,BUY,21 EMA Reclaim,34915.0,34581.3063422623,32331.4,30142.86076171875,58.03246218118393,12250.0,5228.05,2.3431298476487408,5.635135135135135,0.9649538812531397,182537365.75,34495.0,34585.0,34480.0,35465.0,35565.0,35370.0,35130.0,35015.0,34875.0,35435.0,35010.0,34575.0,34575.0,34315.0,35290.0,35115.0,36000.0,36170.0,36385.0,35020.0,34875.0,34830.0,34135.0,34830.0,34995.0,35435.0,35250.0,34445.0,33375.0,33980.0,6.84519547472433,-5.484748675354433,-2.677932120864958,True,True,Target,2026-01-02,5.0,30
MOMENTUM_PULLBACK_TIGHT_EMA,IDFCFIRSTB,2025-12-09,BUY,21 EMA Reclaim,80.91000366210938,79.90123784508908,77.38779968261719,69.7530499458313,55.556430235270874,24746063.0,22015421.55,1.1240331212281511,2.1644417801527616,1.2625158811382433,1781267838.2333817,80.31999969482422,80.61000061035156,82.29000091552734,83.87000274658203,83.45999908447266,83.94999694824219,83.79000091552734,84.68000030517578,85.3499984741211,85.0,84.23999786376953,85.12000274658203,84.54000091552734,84.83000183105469,85.61000061035156,85.61000061035156,85.91999816894531,84.93000030517578,84.7300033569336,84.4000015258789,86.06999969482422,86.0,84.7699966430664,82.95999908447266,83.06999969482422,83.79000091552734,83.12000274658203,82.08999633789062,81.51000213623047,84.19999694824219,7.5268768536004975,-1.5943651676429953,4.066237964680177,True,False,Target,2025-12-19,5.0,30
MOMENTUM_PULLBACK_TIGHT_EMA,SJS,2025-12-09,BUY,21 EMA Reclaim,1702.0999755859375,1680.5372453037612,1616.5860034179686,1247.4874984741211,55.14657444963169,155429.0,115887.45,1.3412064895724256,6.168689328228362,1.2830855336549696,197252025.81571653,1676.5,1691.300048828125,1667.300048828125,1726.4000244140625,1657.5999755859375,1645.9000244140625,1673.5999755859375,1711.800048828125,1723.0999755859375,1779.5999755859375,1752.5,1749.0,1734.4000244140625,1714.0,1699.5,1779.800048828125,1840.199951171875,1829.300048828125,1783.800048828125,1787.800048828125,1756.5,1681.9000244140625,1666.699951171875,1719.5999755859375,1684.5999755859375,1671.0,1662.699951171875,1578.800048828125,1569.0999755859375,1614.800048828125,9.805535914928157,-10.416540115205517,-5.128954116091802,True,True,Stop,2025-12-17,-4.0,30
MOMENTUM_PULLBACK_TIGHT_EMA,VEDL,2025-12-10,BUY,21 EMA Reclaim,524.2000122070312,517.5393036596074,501.29999755859376,453.94024978637697,55.69398789717688,14712797.0,9085428.75,1.6193838953390065,3.4622445290918504,1.286995692950245,4762581861.656113,529.0499877929688,543.5999755859375,549.4000244140625,569.5,569.7999877929688,579.1500244140625,581.5999755859375,585.6500244140625,586.4000244140625,598.1500244140625,600.9500122070312,593.0999755859375,605.5499877929688,604.4000244140625,602.6500244140625,616.9500122070312,615.6500244140625,621.75,622.2000122070312,603.5,609.8499755859375,627.3499755859375,637.2000122070312,675.75,682.7000122070312,674.7999877929688,671.7999877929688,676.6500244140625,678.6500244140625,684.1500244140625,33.34604802029879,0.17168320449233643,30.51316453305603,True,False,Target,2025-12-15,5.0,30
BE_VOLUME_REVERSAL_HIGH_CONFIDENCE,INDIACEM,2025-12-17,BUY,Bullish Engulfing,441.04998779296875,408.52253601799134,398.35,350.60100090026856,66.6152583185567,5422773.0,993134.75,5.460259043397686,0.8876431925912922,7.962217235806275,438022069.3642731,430.95001220703125,438.0,440.25,441.70001220703125,436.29998779296875,441.29998779296875,448.04998779296875,441.8999938964844,435.25,436.04998779296875,445.3999938964844,457.5,456.1000061035156,456.20001220703125,476.20001220703125,464.6000061035156,467.8500061035156,467.1000061035156,473.6000061035156,478.54998779296875,469.1499938964844,459.3999938964844,453.1000061035156,459.20001220703125,431.5,453.95001220703125,445.1000061035156,445.20001220703125,457.70001220703125,458.3999938964844,10.146242203504128,-3.6050321588372696,3.933795847118312,True,False,Target,2026-01-08,5.0,30
BE_VOLUME_REVERSAL_RSI_65_68,INDIACEM,2025-12-17,BUY,Bullish Engulfing,441.04998779296875,408.52253601799134,398.35,350.60100090026856,66.6152583185567,5422773.0,993134.75,5.460259043397686,0.8876431925912922,7.962217235806275,438022069.3642731,430.95001220703125,438.0,440.25,441.70001220703125,436.29998779296875,441.29998779296875,448.04998779296875,441.8999938964844,435.25,436.04998779296875,445.3999938964844,457.5,456.1000061035156,456.20001220703125,476.20001220703125,464.6000061035156,467.8500061035156,467.1000061035156,473.6000061035156,478.54998779296875,469.1499938964844,459.3999938964844,453.1000061035156,459.20001220703125,431.5,453.95001220703125,445.1000061035156,445.20001220703125,457.70001220703125,458.3999938964844,10.146242203504128,-3.6050321588372696,3.933795847118312,True,False,Target,2026-01-08,5.0,30
MOMENTUM_PULLBACK_TIGHT_EMA,APLAPOLLO,2025-12-17,BUY,21 EMA Reclaim,1764.5,1743.9123195416885,1752.3380004882813,1680.1620031738282,55.87201916455776,750140.0,484685.5,1.547684013654215,8.858471074380166,1.1805456173233584,855227564.75,1795.699951171875,1820.0999755859375,1863.300048828125,1867.9000244140625,1858.5999755859375,1886.0999755859375,1888.5999755859375,1883.199951171875,1914.0,1970.0,1931.9000244140625,1966.199951171875,1947.9000244140625,1949.800048828125,1913.9000244140625,1890.0999755859375,1904.800048828125,1905.199951171875,1934.699951171875,1940.699951171875,1919.699951171875,1906.0,1878.5999755859375,1976.0,2000.0999755859375,2060.60009765625,2091.0,2053.39990234375,2045.699951171875,2079.300048828125,21.909895021606687,-0.6290720082707566,17.840750854526778,True,False,Target,2025-12-22,5.0,30
MOMENTUM_PULLBACK_TIGHT_EMA,SBIN,2025-12-17,BUY,21 EMA Reclaim,975.8499755859375,962.7057851969474,941.6099963378906,834.0697494506836,59.17095427923192,8013382.0,9645894.95,0.8307556780928866,2.3173197611674174,1.3653382571395964,9412946351.462017,977.5499877929688,980.2999877929688,974.2999877929688,971.9000244140625,968.9500122070312,966.2999877929688,965.0499877929688,973.4500122070312,982.2000122070312,984.75,998.9500122070312,1005.5499877929688,1018.9000244140625,1007.1500244140625,998.0,1000.5,1015.1500244140625,1028.449951171875,1028.3499755859375,1042.300048828125,1038.4000244140625,1036.4000244140625,1028.6500244140625,1048.3499755859375,1029.5,1053.1500244140625,1063.5,1066.199951171875,1077.1500244140625,1028.699951171875,10.928936525312281,-1.6754599574714701,5.41578899504551,True,False,Target,2026-01-13,5.0,30
MOMENTUM_PULLBACK_TIGHT_EMA,SUNPHARMA,2025-12-17,BUY,21 EMA Reclaim,1792.9000244140625,1784.0602194941002,1736.7620043945312,1690.5687469482423,55.31361938586333,1910628.0,1990104.8,0.9600640127092804,6.1308887741328535,0.4954880347295079,3568058944.506543,1745.9000244140625,1744.9000244140625,1769.800048828125,1755.9000244140625,1737.0,1719.5,1717.199951171875,1720.199951171875,1719.699951171875,1721.0999755859375,1728.0,1728.9000244140625,1760.199951171875,1782.5999755859375,1760.699951171875,1729.9000244140625,1736.0,1728.699951171875,1700.699951171875,1668.9000244140625,1675.4000244140625,1613.800048828125,1612.9000244140625,1634.199951171875,1631.9000244140625,1638.9000244140625,1610.5999755859375,1589.300048828125,1595.300048828125,1627.9000244140625,0.7641224265336424,-11.668250900412373,-9.20296713442924,False,True,Stop,2025-12-24,-4.0,30
RANGE_BREAKOUT_VOLUME_RSI_65_68,INDIACEM,2025-12-17,BUY,20D High Breakout,441.04998779296875,408.52253601799134,398.35,350.60100090026856,66.6152583185567,5422773.0,993134.75,5.460259043397686,0.8876431925912922,7.962217235806275,438022069.3642731,430.95001220703125,438.0,440.25,441.70001220703125,436.29998779296875,441.29998779296875,448.04998779296875,441.8999938964844,435.25,436.04998779296875,445.3999938964844,457.5,456.1000061035156,456.20001220703125,476.20001220703125,464.6000061035156,467.8500061035156,467.1000061035156,473.6000061035156,478.54998779296875,469.1499938964844,459.3999938964844,453.1000061035156,459.20001220703125,431.5,453.95001220703125,445.1000061035156,445.20001220703125,457.70001220703125,458.3999938964844,10.146242203504128,-3.6050321588372696,3.933795847118312,True,False,Target,2026-01-08,5.0,30
BE_VOLUME_REVERSAL_RSI_65_68,ESABINDIA,2025-12-18,BUY,Bullish Engulfing,6167.0,5859.641055456015,5379.890029296875,5094.144501953125,65.49380881480002,15317.0,11576.85,1.323071474537547,4.01556420233463,5.2453544788003255,71394433.95,6156.0,6243.5,6191.5,6127.5,6093.5,6117.5,6088.0,6091.0,6145.5,6167.5,6091.5,6107.5,6081.0,5843.5,5673.0,5633.0,5628.0,5680.5,5810.5,5780.0,5575.0,5471.0,5621.0,5442.0,5442.5,5599.0,5422.0,5572.5,5582.5,5740.5,3.688989784335982,-13.628993027403924,-6.915842386898005,False,True,Stop,2026-01-08,-4.0,30
RANGE_BREAKOUT_VOLUME_RSI_65_68,IDFCFIRSTB,2025-12-19,BUY,20D High Breakout,84.68000030517578,81.6414884279926,79.42740005493164,70.65634992599487,65.84788724323313,65501093.0,26004417.8,2.5188448172064057,0.3764702292049632,3.721774229855125,2202054107.2399187,85.3499984741211,85.0,84.23999786376953,85.12000274658203,84.54000091552734,84.83000183105469,85.61000061035156,85.61000061035156,85.91999816894531,84.93000030517578,84.7300033569336,84.4000015258789,86.06999969482422,86.0,84.7699966430664,82.95999908447266,83.06999969482422,83.79000091552734,83.12000274658203,82.08999633789062,81.51000213623047,84.19999694824219,82.98999786376953,83.5,82.93000030517578,83.47000122070312,83.58000183105469,81.20999908447266,84.8499984741211,85.13999938964844,2.7397256571365607,-6.258860454248094,0.5432204567960309,False,True,Stop,2026-01-21,-4.0,30
RANGE_BREAKOUT_VOLUME_RSI_65_68,JKTYRE,2025-12-19,BUY,20D High Breakout,485.75,457.7876268241509,439.6470001220703,362.0717504882812,65.92833765434261,6940050.0,1132842.2,6.1262283484849,1.2502528913994218,6.108153986125589,550278098.65,490.8999938964844,510.29998779296875,508.6000061035156,497.54998779296875,499.75,504.70001220703125,502.70001220703125,516.6500244140625,511.54998779296875,508.25,510.6499938964844,512.2000122070312,506.8500061035156,506.5,502.29998779296875,504.20001220703125,506.1499938964844,503.3999938964844,506.6499938964844,499.95001220703125,510.95001220703125,520.2000122070312,508.04998779296875,510.5,507.20001220703125,504.20001220703125,519.7000122070312,524.5,534.25,546.5,14.359238291302109,-0.8955236445734689,12.506433350488935,True,False,Target,2025-12-23,5.0,30
RANGE_BREAKOUT_VOLUME_RSI_65_68,TEGA,2025-12-22,BUY,20D High Breakout,2001.5999755859375,1922.2592088603742,1919.36798828125,1718.3984985351562,67.04115948705854,226052.0,95787.3,2.3599370689016186,5.807059972426471,4.127474919087581,191727857.34144288,1995.5,1970.5999755859375,1940.800048828125,1925.0,1943.199951171875,1950.699951171875,1949.800048828125,1950.199951171875,1906.4000244140625,1896.4000244140625,1920.4000244140625,1873.0,1883.0999755859375,1878.800048828125,1878.0999755859375,1875.199951171875,1878.5999755859375,1830.699951171875,1791.800048828125,1772.4000244140625,1728.300048828125,1744.800048828125,1712.800048828125,1708.199951171875,1700.0,1702.5,1693.9000244140625,1757.300048828125,1823.0999755859375,1810.5,0.36970546084745315,-17.730816783716786,-9.54736100703618,False,True,Stop,2025-12-29,-4.0,30
BE_VOLUME_REVERSAL_RSI_65_68,VISHNU,2025-12-24,BUY,Bullish Engulfing,547.9500122070312,512.3745408322235,500.55999938964845,489.04899993896487,67.1976508034596,212279.0,113919.05,1.863419682660626,8.03121459656099,6.943255087777072,62421944.838113405,553.6500244140625,548.8499755859375,542.0499877929688,540.5,550.5,559.9000244140625,564.75,548.5,532.2000122070312,518.9500122070312,520.6500244140625,507.79998779296875,516.5499877929688,518.75,518.9000244140625,516.3499755859375,512.7999877929688,510.8500061035156,515.1500244140625,507.3999938964844,504.25,507.3500061035156,517.5999755859375,524.25,508.5,523.8499755859375,515.0999755859375,521.4500122070312,510.8999938964844,518.8499755859375,3.8689682881184564,-11.0594040977262,-5.310710096325159,False,True,Stop,2025-12-30,-4.0,30
RANGE_BREAKOUT_VOLUME_RSI_65_68,IIFL,2025-12-24,BUY,20D High Breakout,602.1500244140625,567.4382621508666,545.84,456.4372509765625,67.8777120292144,5216175.0,1106951.4,4.712198746936858,0.6025030459646723,6.11727558371221,666550812.5351806,599.25,593.9500122070312,603.1500244140625,610.5,620.4500122070312,641.4000244140625,645.4500122070312,665.1500244140625,656.9500122070312,647.5499877929688,649.2999877929688,641.75,637.5499877929688,635.3499755859375,633.6500244140625,651.7999877929688,630.5999755859375,622.8499755859375,538.75,521.1500244140625,521.8499755859375,544.5999755859375,546.0,528.7000122070312,495.1499938964844,509.0,517.1500244140625,504.54998779296875,515.8499755859375,517.9000244140625,12.098309828489343,-20.99145051717955,-13.991529782296633,True,True,Target,2026-01-02,5.0,30
BE_VOLUME_REVERSAL_HIGH_CONFIDENCE,TITAN,2025-12-26,BUY,Bullish Engulfing,3992.0,3890.4046290258825,3827.5,3531.1052514648436,66.67874029052689,1113050.0,683193.4,1.6291872843033905,0.3718561158723886,2.6114345591747847,2727308052.8,3983.699951171875,3974.10009765625,4051.5,4049.300048828125,4051.699951171875,4079.699951171875,4111.7998046875,4273.2001953125,4249.0,4201.7998046875,4231.60009765625,4239.2001953125,4221.5,4196.89990234375,4144.10009765625,4075.5,4079.199951171875,4018.60009765625,4021.800048828125,3997.0,3975.199951171875,3939.699951171875,3977.39990234375,3953.199951171875,4068.60009765625,4144.0,4097.60009765625,4141.0,4257.7998046875,4269.10009765625,8.456916273954159,-3.729957473540832,6.94138521182991,True,False,Target,2026-01-07,5.0,30
BE_VOLUME_REVERSAL_RSI_65_68,TITAN,2025-12-26,BUY,Bullish Engulfing,3992.0,3890.4046290258825,3827.5,3531.1052514648436,66.67874029052689,1113050.0,683193.4,1.6291872843033905,0.3718561158723886,2.6114345591747847,2727308052.8,3983.699951171875,3974.10009765625,4051.5,4049.300048828125,4051.699951171875,4079.699951171875,4111.7998046875,4273.2001953125,4249.0,4201.7998046875,4231.60009765625,4239.2001953125,4221.5,4196.89990234375,4144.10009765625,4075.5,4079.199951171875,4018.60009765625,4021.800048828125,3997.0,3975.199951171875,3939.699951171875,3977.39990234375,3953.199951171875,4068.60009765625,4144.0,4097.60009765625,4141.0,4257.7998046875,4269.10009765625,8.456916273954159,-3.729957473540832,6.94138521182991,True,False,Target,2026-01-07,5.0,30
RANGE_BREAKOUT_VOLUME_RSI_65_68,CRAFTSMAN,2025-12-26,BUY,20D High Breakout,7379.5,7042.2232491152645,6875.01,6067.5667578125,66.92733172181951,115817.0,35640.2,3.249617005516243,0.8664696399785062,4.789350450187852,263006855.89999998,7031.5,7156.0,7689.5,7722.5,8013.5,8002.0,8021.5,7806.0,7667.0,7621.0,7495.5,7686.5,7850.0,7768.0,7604.0,7410.0,7392.5,7623.5,7198.5,7570.5,7780.0,7317.0,7317.0,7491.5,7712.5,7848.5,7836.0,7834.0,7838.0,7851.0,11.389660546107459,-7.107527610271698,6.389321769767599,True,True,Stop,2025-12-29,-4.0,30
BE_VOLUME_REVERSAL_HIGH_CONFIDENCE,UPL,2025-12-30,BUY,Bullish Engulfing,787.3499755859375,760.4117190642647,741.9699975585937,687.1337496948242,65.10711022307106,8329037.0,2828203.15,2.9449924769371676,0.6686492985404078,3.542588290830396,2226785681.1045713,795.1500244140625,805.3499755859375,804.6500244140625,805.0999755859375,799.2999877929688,802.9500122070312,794.5,771.7000122070312,773.8499755859375,773.4500122070312,780.4000244140625,790.1500244140625,787.1500244140625,723.4500122070312,691.7000122070312,700.5,702.5499877929688,716.5499877929688,715.0999755859375,715.9500122070312,703.9500122070312,698.5499877929688,739.7999877929688,758.7000122070312,747.6500244140625,741.2999877929688,744.0499877929688,746.0,749.0,744.9000244140625,3.156161477315169,-15.533116350445605,-5.391497109056769,False,True,Stop,2026-01-20,-4.0,30
BE_VOLUME_REVERSAL_RSI_65_68,UPL,2025-12-30,BUY,Bullish Engulfing,787.3499755859375,760.4117190642647,741.9699975585937,687.1337496948242,65.10711022307106,8329037.0,2828203.15,2.9449924769371676,0.6686492985404078,3.542588290830396,2226785681.1045713,795.1500244140625,805.3499755859375,804.6500244140625,805.0999755859375,799.2999877929688,802.9500122070312,794.5,771.7000122070312,773.8499755859375,773.4500122070312,780.4000244140625,790.1500244140625,787.1500244140625,723.4500122070312,691.7000122070312,700.5,702.5499877929688,716.5499877929688,715.0999755859375,715.9500122070312,703.9500122070312,698.5499877929688,739.7999877929688,758.7000122070312,747.6500244140625,741.2999877929688,744.0499877929688,746.0,749.0,744.9000244140625,3.156161477315169,-15.533116350445605,-5.391497109056769,False,True,Stop,2026-01-20,-4.0,30
MOMENTUM_PULLBACK_TIGHT_EMA,3MINDIA,2025-12-30,BUY,21 EMA Reclaim,35290.0,34844.339520112306,34058.2,30747.2167578125,56.46131420899454,16030.0,3758.85,4.264602205461777,4.621621621621622,1.279003953082414,132649816.5,35115.0,36000.0,36170.0,36385.0,35020.0,34875.0,34830.0,34135.0,34830.0,34995.0,35435.0,35250.0,34445.0,33375.0,33980.0,33900.0,33315.0,33075.0,33780.0,34605.0,34390.0,34490.0,35025.0,35765.0,35450.0,35190.0,36485.0,37635.0,37580.0,37515.0,7.764239161235477,-7.197506375743837,6.304902238594503,True,True,Target,2026-01-02,5.0,30
MOMENTUM_PULLBACK_TIGHT_EMA,CANFINHOME,2025-12-30,BUY,21 EMA Reclaim,927.2000122070312,914.9088019078222,890.543994140625,784.4957482910156,55.942679715003905,534712.0,266258.45,2.008244245393902,4.559957570043103,1.3434355723301281,246874838.09022522,930.0499877929688,931.4500122070312,940.4000244140625,942.5999755859375,949.7999877929688,926.5,895.1500244140625,891.7000122070312,887.9000244140625,894.0,917.4500122070312,919.4000244140625,939.1500244140625,915.0999755859375,898.3499755859375,912.5,898.0999755859375,891.5499877929688,905.7000122070312,900.5999755859375,932.4500122070312,909.7999877929688,929.0999755859375,936.8499755859375,937.4000244140625,928.2999877929688,950.2000122070312,915.8499755859375,898.7999877929688,888.4000244140625,4.0660064398935045,-6.347070302664462,-4.1846405610600055,False,True,Stop,2026-01-09,-4.0,30
MOMENTUM_PULLBACK_TIGHT_EMA,LTF,2025-12-30,BUY,21 EMA Reclaim,305.45001220703125,301.5230973041065,293.1702001953125,221.12599975585937,56.514096006346456,25281188.0,5467275.3,4.624092735919115,3.139366958894125,1.3023595664925762,1669979307.1242003,315.95001220703125,317.25,319.75,320.29998779296875,319.3500061035156,313.95001220703125,307.29998779296875,299.70001220703125,296.1499938964844,288.6499938964844,295.79998779296875,296.3999938964844,300.04998779296875,293.79998779296875,281.3500061035156,287.29998779296875,288.0,285.25,289.3999938964844,289.1499938964844,286.3500061035156,277.54998779296875,284.70001220703125,287.1000061035156,283.3999938964844,285.29998779296875,296.8500061035156,294.0,288.29998779296875,292.04998779296875,7.857259466643274,-11.933216811373299,-4.386977861693482,True,True,Target,2026-01-01,5.0,30
MOMENTUM_PULLBACK_TIGHT_EMA,MUTHOOTFIN,2025-12-30,BUY,21 EMA Reclaim,3799.10009765625,3752.405732321962,3571.1619921875,2809.5509997558593,57.951679140094,1688316.0,410368.2,4.1141491957710175,2.3367584150064267,1.2443847671396038,1559029868.6950195,3811.699951171875,3839.0,3820.800048828125,3921.0,3940.699951171875,3960.10009765625,3853.800048828125,3821.0,3909.0,3926.300048828125,3938.10009765625,3936.10009765625,3946.89990234375,3930.39990234375,3906.60009765625,3861.89990234375,3802.800048828125,3867.39990234375,3955.5,4091.699951171875,3829.60009765625,3535.10009765625,3624.199951171875,3721.699951171875,3578.800048828125,3704.199951171875,3779.800048828125,3882.0,3933.199951171875,4066.89990234375,9.22323427487261,-10.228740692986376,7.049032607819723,True,True,Target,2026-01-06,5.0,30
MOMENTUM_PULLBACK_TIGHT_EMA,SBIN,2025-12-30,BUY,21 EMA Reclaim,973.4500122070312,967.3935019505739,957.1929956054687,844.4899993896485,56.10145799115762,15030644.0,8417723.8,1.7855948183997197,2.5575563356325075,0.6260648065389658,8194233335.865418,982.2000122070312,984.75,998.9500122070312,1005.5499877929688,1018.9000244140625,1007.1500244140625,998.0,1000.5,1015.1500244140625,1028.449951171875,1028.3499755859375,1042.300048828125,1038.4000244140625,1036.4000244140625,1028.6500244140625,1048.3499755859375,1029.5,1053.1500244140625,1063.5,1066.199951171875,1077.1500244140625,1028.699951171875,1064.199951171875,1068.199951171875,1073.5,1066.4000244140625,1146.0,1144.0999755859375,1182.9000244140625,1192.4000244140625,23.65298023293616,0.00513511657937282,22.492168006718916,True,False,Target,2026-01-06,5.0,30
RANGE_BREAKOUT_VOLUME_RSI_65_68,UPL,2025-12-30,BUY,20D High Breakout,787.3499755859375,760.4117190642647,741.9699975585937,687.1337496948242,65.10711022307106,8329037.0,2828203.15,2.9449924769371676,0.6686492985404078,3.542588290830396,2226785681.1045713,795.1500244140625,805.3499755859375,804.6500244140625,805.0999755859375,799.2999877929688,802.9500122070312,794.5,771.7000122070312,773.8499755859375,773.4500122070312,780.4000244140625,790.1500244140625,787.1500244140625,723.4500122070312,691.7000122070312,700.5,702.5499877929688,716.5499877929688,715.0999755859375,715.9500122070312,703.9500122070312,698.5499877929688,739.7999877929688,758.7000122070312,747.6500244140625,741.2999877929688,744.0499877929688,746.0,749.0,744.9000244140625,3.156161477315169,-15.533116350445605,-5.391497109056769,False,True,Stop,2026-01-20,-4.0,30
BE_VOLUME_REVERSAL_HIGH_CONFIDENCE,BPCL,2025-12-31,BUY,Bullish Engulfing,384.0,366.6136122848338,361.4079986572266,327.73875091552736,67.71184345029513,12051156.0,5630839.3,2.1402059902508674,0.5181347150259068,4.742428303960025,2162242291.2,381.5,381.45001220703125,377.8999938964844,370.79998779296875,368.20001220703125,354.54998779296875,354.1499938964844,358.75,355.1000061035156,356.8999938964844,363.20001220703125,361.25,355.20001220703125,351.95001220703125,354.1499938964844,349.1499938964844,357.3999938964844,362.3500061035156,366.95001220703125,364.5,366.70001220703125,373.45001220703125,382.45001220703125,382.04998779296875,386.3500061035156,388.29998779296875,386.3500061035156,387.6000061035156,377.70001220703125,374.1000061035156,1.992185910542806,-10.026041666666668,-2.5781234105428057,False,True,Stop,2026-01-06,-4.0,30
BE_VOLUME_REVERSAL_RSI_65_68,BPCL,2025-12-31,BUY,Bullish Engulfing,384.0,366.6136122848338,361.4079986572266,327.73875091552736,67.71184345029513,12051156.0,5630839.3,2.1402059902508674,0.5181347150259068,4.742428303960025,2162242291.2,381.5,381.45001220703125,377.8999938964844,370.79998779296875,368.20001220703125,354.54998779296875,354.1499938964844,358.75,355.1000061035156,356.8999938964844,363.20001220703125,361.25,355.20001220703125,351.95001220703125,354.1499938964844,349.1499938964844,357.3999938964844,362.3500061035156,366.95001220703125,364.5,366.70001220703125,373.45001220703125,382.45001220703125,382.04998779296875,386.3500061035156,388.29998779296875,386.3500061035156,387.6000061035156,377.70001220703125,374.1000061035156,1.992185910542806,-10.026041666666668,-2.5781234105428057,False,True,Stop,2026-01-06,-4.0,30
RANGE_BREAKOUT_VOLUME_RSI_65_68,BPCL,2025-12-31,BUY,20D High Breakout,384.0,366.6136122848338,361.4079986572266,327.73875091552736,67.71184345029513,12051156.0,5630839.3,2.1402059902508674,0.5181347150259068,4.742428303960025,2162242291.2,381.5,381.45001220703125,377.8999938964844,370.79998779296875,368.20001220703125,354.54998779296875,354.1499938964844,358.75,355.1000061035156,356.8999938964844,363.20001220703125,361.25,355.20001220703125,351.95001220703125,354.1499938964844,349.1499938964844,357.3999938964844,362.3500061035156,366.95001220703125,364.5,366.70001220703125,373.45001220703125,382.45001220703125,382.04998779296875,386.3500061035156,388.29998779296875,386.3500061035156,387.6000061035156,377.70001220703125,374.1000061035156,1.992185910542806,-10.026041666666668,-2.5781234105428057,False,True,Stop,2026-01-06,-4.0,30
BE_VOLUME_HC_BALANCED,JBCHEPHARM,2026-01-02,BUY,Bullish Engulfing,1850.4000244140625,1804.851219403038,1775.2880053710937,1695.5107525634767,66.42490875575194,240417.0,135938.55,1.768571166898573,3.54964689006711,2.52368752179418,251540696.23881224,1840.199951171875,1878.199951171875,1933.0,1911.0,1888.5999755859375,1872.800048828125,1868.800048828125,1895.4000244140625,1904.0,1926.699951171875,1884.300048828125,1884.5999755859375,1901.5999755859375,1846.0,1877.5,1856.300048828125,1846.0,1869.5,1864.5999755859375,1895.699951171875,1893.0,1857.5999755859375,1849.5,1882.699951171875,1923.0999755859375,1894.800048828125,1910.0999755859375,1891.800048828125,1978.699951171875,1988.9000244140625,8.517075956905169,-4.031559371037077,7.484868037864226,True,True,Stop,2026-01-30,-4.0,30
BE_VOLUME_REVERSAL_HIGH_CONFIDENCE,JBCHEPHARM,2026-01-02,BUY,Bullish Engulfing,1850.4000244140625,1804.851219403038,1775.2880053710937,1695.5107525634767,66.42490875575194,240417.0,135938.55,1.768571166898573,3.54964689006711,2.52368752179418,251540696.23881224,1840.199951171875,1878.199951171875,1933.0,1911.0,1888.5999755859375,1872.800048828125,1868.800048828125,1895.4000244140625,1904.0,1926.699951171875,1884.300048828125,1884.5999755859375,1901.5999755859375,1846.0,1877.5,1856.300048828125,1846.0,1869.5,1864.5999755859375,1895.699951171875,1893.0,1857.5999755859375,1849.5,1882.699951171875,1923.0999755859375,1894.800048828125,1910.0999755859375,1891.800048828125,1978.699951171875,1988.9000244140625,8.517075956905169,-4.031559371037077,7.484868037864226,True,True,Stop,2026-01-30,-4.0,30
BE_VOLUME_REVERSAL_RSI_65_68,JBCHEPHARM,2026-01-02,BUY,Bullish Engulfing,1850.4000244140625,1804.851219403038,1775.2880053710937,1695.5107525634767,66.42490875575194,240417.0,135938.55,1.768571166898573,3.54964689006711,2.52368752179418,251540696.23881224,1840.199951171875,1878.199951171875,1933.0,1911.0,1888.5999755859375,1872.800048828125,1868.800048828125,1895.4000244140625,1904.0,1926.699951171875,1884.300048828125,1884.5999755859375,1901.5999755859375,1846.0,1877.5,1856.300048828125,1846.0,1869.5,1864.5999755859375,1895.699951171875,1893.0,1857.5999755859375,1849.5,1882.699951171875,1923.0999755859375,1894.800048828125,1910.0999755859375,1891.800048828125,1978.699951171875,1988.9000244140625,8.517075956905169,-4.031559371037077,7.484868037864226,True,True,Stop,2026-01-30,-4.0,30
BE_VOLUME_HC_COOL_RVOL,FEDFINA,2026-01-12,BUY,Bullish Engulfing,163.58999633789062,153.1815239538519,146.10920013427733,126.30784992218018,63.163631995239164,2705706.0,1283466.35,2.1081238319960627,2.100544367096317,6.7948614920259125,209962255.49630585,162.10000610351562,176.38999938964844,159.5500030517578,151.13999938964844,145.3000030517578,150.5500030517578,150.6699981689453,145.25,147.0,156.63999938964844,154.2100067138672,152.52000427246094,138.33999633789062,146.50999450683594,144.77999877929688,142.22999572753906,143.94000244140625,146.86000061035156,146.0399932861328,146.8000030517578,146.13999938964844,141.75,138.14999389648438,137.58999633789062,139.00999450683594,134.77000427246094,134.0399932861328,134.2100067138672,136.7100067138672,135.0399932861328,9.102023181719227,-19.304360008558877,-17.452169259047214,True,True,Target,2026-01-14,5.0,30
BE_VOLUME_HC_MID_52W,FEDFINA,2026-01-12,BUY,Bullish Engulfing,163.58999633789062,153.1815239538519,146.10920013427733,126.30784992218018,63.163631995239164,2705706.0,1283466.35,2.1081238319960627,2.100544367096317,6.7948614920259125,209962255.49630585,162.10000610351562,176.38999938964844,159.5500030517578,151.13999938964844,145.3000030517578,150.5500030517578,150.6699981689453,145.25,147.0,156.63999938964844,154.2100067138672,152.52000427246094,138.33999633789062,146.50999450683594,144.77999877929688,142.22999572753906,143.94000244140625,146.86000061035156,146.0399932861328,146.8000030517578,146.13999938964844,141.75,138.14999389648438,137.58999633789062,139.00999450683594,134.77000427246094,134.0399932861328,134.2100067138672,136.7100067138672,135.0399932861328,9.102023181719227,-19.304360008558877,-17.452169259047214,True,True,Target,2026-01-14,5.0,30
BE_VOLUME_REVERSAL_HIGH_CONFIDENCE,FEDFINA,2026-01-12,BUY,Bullish Engulfing,163.58999633789062,153.1815239538519,146.10920013427733,126.30784992218018,63.163631995239164,2705706.0,1283466.35,2.1081238319960627,2.100544367096317,6.7948614920259125,209962255.49630585,162.10000610351562,176.38999938964844,159.5500030517578,151.13999938964844,145.3000030517578,150.5500030517578,150.6699981689453,145.25,147.0,156.63999938964844,154.2100067138672,152.52000427246094,138.33999633789062,146.50999450683594,144.77999877929688,142.22999572753906,143.94000244140625,146.86000061035156,146.0399932861328,146.8000030517578,146.13999938964844,141.75,138.14999389648438,137.58999633789062,139.00999450683594,134.77000427246094,134.0399932861328,134.2100067138672,136.7100067138672,135.0399932861328,9.102023181719227,-19.304360008558877,-17.452169259047214,True,True,Target,2026-01-14,5.0,30
BE_VOLUME_HC_BALANCED,DCBBANK,2026-01-13,BUY,Bullish Engulfing,184.44000244140625,176.78258456508675,175.34920135498047,144.6937004470825,65.08017491559083,4686913.0,2148529.5,2.1814515462785127,3.18110108062664,4.331545381100725,396274786.22543335,186.47999572753906,187.9199981689453,191.2899932861328,182.0,179.22000122070312,188.7899932861328,182.89999389648438,199.6199951171875,199.5,201.38999938964844,199.6699981689453,187.80999755859375,192.3699951171875,193.22000122070312,190.9199981689453,192.25,193.52999877929688,198.5800018310547,194.0800018310547,190.30999755859375,190.02999877929688,192.82000732421875,196.32000732421875,197.50999450683594,190.8300018310547,191.0399932861328,190.19000244140625,187.4499969482422,191.27999877929688,187.8800048828125,10.44241718276627,-4.223600326288566,1.8651064822551637,True,True,Stop,2026-01-21,-4.0,30
BE_VOLUME_HC_COOL_RVOL,DCBBANK,2026-01-13,BUY,Bullish Engulfing,184.44000244140625,176.78258456508675,175.34920135498047,144.6937004470825,65.08017491559083,4686913.0,2148529.5,2.1814515462785127,3.18110108062664,4.331545381100725,396274786.22543335,186.47999572753906,187.9199981689453,191.2899932861328,182.0,179.22000122070312,188.7899932861328,182.89999389648438,199.6199951171875,199.5,201.38999938964844,199.6699981689453,187.80999755859375,192.3699951171875,193.22000122070312,190.9199981689453,192.25,193.52999877929688,198.5800018310547,194.0800018310547,190.30999755859375,190.02999877929688,192.82000732421875,196.32000732421875,197.50999450683594,190.8300018310547,191.0399932861328,190.19000244140625,187.4499969482422,191.27999877929688,187.8800048828125,10.44241718276627,-4.223600326288566,1.8651064822551637,True,True,Stop,2026-01-21,-4.0,30
BE_VOLUME_HC_EARLY_SURGE,DCBBANK,2026-01-13,BUY,Bullish Engulfing,184.44000244140625,176.78258456508675,175.34920135498047,144.6937004470825,65.08017491559083,4686913.0,2148529.5,2.1814515462785127,3.18110108062664,4.331545381100725,396274786.22543335,186.47999572753906,187.9199981689453,191.2899932861328,182.0,179.22000122070312,188.7899932861328,182.89999389648438,199.6199951171875,199.5,201.38999938964844,199.6699981689453,187.80999755859375,192.3699951171875,193.22000122070312,190.9199981689453,192.25,193.52999877929688,198.5800018310547,194.0800018310547,190.30999755859375,190.02999877929688,192.82000732421875,196.32000732421875,197.50999450683594,190.8300018310547,191.0399932861328,190.19000244140625,187.4499969482422,191.27999877929688,187.8800048828125,10.44241718276627,-4.223600326288566,1.8651064822551637,True,True,Stop,2026-01-21,-4.0,30
BE_VOLUME_HC_MID_52W,DCBBANK,2026-01-13,BUY,Bullish Engulfing,184.44000244140625,176.78258456508675,175.34920135498047,144.6937004470825,65.08017491559083,4686913.0,2148529.5,2.1814515462785127,3.18110108062664,4.331545381100725,396274786.22543335,186.47999572753906,187.9199981689453,191.2899932861328,182.0,179.22000122070312,188.7899932861328,182.89999389648438,199.6199951171875,199.5,201.38999938964844,199.6699981689453,187.80999755859375,192.3699951171875,193.22000122070312,190.9199981689453,192.25,193.52999877929688,198.5800018310547,194.0800018310547,190.30999755859375,190.02999877929688,192.82000732421875,196.32000732421875,197.50999450683594,190.8300018310547,191.0399932861328,190.19000244140625,187.4499969482422,191.27999877929688,187.8800048828125,10.44241718276627,-4.223600326288566,1.8651064822551637,True,True,Stop,2026-01-21,-4.0,30
BE_VOLUME_REVERSAL_HIGH_CONFIDENCE,DCBBANK,2026-01-13,BUY,Bullish Engulfing,184.44000244140625,176.78258456508675,175.34920135498047,144.6937004470825,65.08017491559083,4686913.0,2148529.5,2.1814515462785127,3.18110108062664,4.331545381100725,396274786.22543335,186.47999572753906,187.9199981689453,191.2899932861328,182.0,179.22000122070312,188.7899932861328,182.89999389648438,199.6199951171875,199.5,201.38999938964844,199.6699981689453,187.80999755859375,192.3699951171875,193.22000122070312,190.9199981689453,192.25,193.52999877929688,198.5800018310547,194.0800018310547,190.30999755859375,190.02999877929688,192.82000732421875,196.32000732421875,197.50999450683594,190.8300018310547,191.0399932861328,190.19000244140625,187.4499969482422,191.27999877929688,187.8800048828125,10.44241718276627,-4.223600326288566,1.8651064822551637,True,True,Stop,2026-01-21,-4.0,30
BE_VOLUME_REVERSAL_RSI_65_68,DCBBANK,2026-01-13,BUY,Bullish Engulfing,184.44000244140625,176.78258456508675,175.34920135498047,144.6937004470825,65.08017491559083,4686913.0,2148529.5,2.1814515462785127,3.18110108062664,4.331545381100725,396274786.22543335,186.47999572753906,187.9199981689453,191.2899932861328,182.0,179.22000122070312,188.7899932861328,182.89999389648438,199.6199951171875,199.5,201.38999938964844,199.6699981689453,187.80999755859375,192.3699951171875,193.22000122070312,190.9199981689453,192.25,193.52999877929688,198.5800018310547,194.0800018310547,190.30999755859375,190.02999877929688,192.82000732421875,196.32000732421875,197.50999450683594,190.8300018310547,191.0399932861328,190.19000244140625,187.4499969482422,191.27999877929688,187.8800048828125,10.44241718276627,-4.223600326288566,1.8651064822551637,True,True,Stop,2026-01-21,-4.0,30
MOMENTUM_PULLBACK_TIGHT_EMA,TECHM,2026-01-13,BUY,21 EMA Reclaim,1614.800048828125,1592.1779602931094,1536.4760009765625,1518.3167486572265,57.94145938441882,2573438.0,1152785.15,2.232365675425295,7.002993197202394,1.4208266349102703,1861517516.5083373,1588.5,1670.5,1718.300048828125,1678.5,1686.699951171875,1687.4000244140625,1701.0999755859375,1745.0999755859375,1762.9000244140625,1768.4000244140625,1743.0999755859375,1724.0,1716.5,1645.300048828125,1646.199951171875,1619.9000244140625,1621.699951171875,1644.5999755859375,1634.4000244140625,1536.5999755859375,1534.4000244140625,1512.699951171875,1523.800048828125,1504.800048828125,1479.300048828125,1456.9000244140625,1440.9000244140625,1345.4000244140625,1361.800048828125,1361.800048828125,14.812976463894993,-17.308644510064,-15.667574458125907,True,True,Target,2026-01-19,5.0,30
BE_VOLUME_REVERSAL_RSI_65_68,UJJIVANSFB,2026-01-14,BUY,Bullish Engulfing,58.9900016784668,56.07129745584282,54.127600021362305,47.51275003433228,65.80751681040857,16458962.0,12548391.8,1.31163915363242,2.0099652311259777,5.205344543565294,740229653.344059,60.349998474121094,60.2599983215332,57.88999938964844,57.77000045776367,61.959999084472656,63.060001373291016,62.06999969482422,63.08000183105469,62.40999984741211,65.37000274658203,61.790000915527344,63.88999938964844,65.25,63.08000183105469,62.86000061035156,64.87000274658203,63.900001525878906,62.709999084472656,62.70000076293945,61.2400016784668,61.75,62.619998931884766,63.11000061035156,62.220001220703125,62.529998779296875,61.790000915527344,60.7400016784668,61.220001220703125,61.599998474121094,58.060001373291016,15.273771936206156,-4.390574807414054,-1.5765388688152224,True,True,Stop,2026-01-20,-4.0,30
MOMENTUM_PULLBACK_TIGHT_EMA,ABCAPITAL,2026-01-14,BUY,21 EMA Reclaim,358.6000061035156,354.2747025530423,347.51799926757815,278.91815010070803,56.415194628817005,4102260.0,4268039.0,0.9611580400272819,2.8973685467467662,1.2208897556905711,1530518811.4500427,362.0,361.1000061035156,355.3500061035156,346.25,354.5,347.45001220703125,348.8999938964844,348.29998779296875,344.29998779296875,339.79998779296875,333.04998779296875,345.45001220703125,346.6000061035156,344.6499938964844,347.75,352.8999938964844,353.75,344.25,344.6499938964844,336.20001220703125,345.04998779296875,348.95001220703125,349.54998779296875,344.29998779296875,344.8500061035156,346.20001220703125,349.29998779296875,353.1000061035156,356.1499938964844,344.45001220703125,2.0914667797955935,-11.600670773972913,-3.945898955840997,False,True,Stop,2026-01-21,-4.0,30
BE_VOLUME_REVERSAL_HIGH_CONFIDENCE,LTM,2026-01-16,BUY,Bullish Engulfing,6308.0,6097.114035106693,6050.29,5345.928500976563,62.37277933393603,872154.0,258086.25,3.379312148554989,1.128526645768025,3.4587833469907596,1628008065.0,6407.0,5976.5,5844.0,5947.0,5893.5,5940.5,6015.5,5995.0,5974.5,5986.0,6044.0,5706.5,5683.5,5561.5,5626.5,5662.0,5515.5,5211.5,5115.5,5118.5,5164.5,5054.0,4959.5,4889.5,4831.5,4501.0,4559.0,4504.0,4462.0,4404.39990234375,1.926125554850983,-30.93690551680406,-30.177553862654566,False,True,Stop,2026-01-20,-4.0,30
MOMENTUM_PULLBACK_TIGHT_EMA,MARICO,2026-01-16,BUY,21 EMA Reclaim,760.1500244140625,752.2490422160904,738.7000024414062,719.2547497558594,56.19373191642608,2731620.0,1559606.45,1.751480317358267,2.5448686648637824,1.0503146902914193,1185534881.0438292,760.5999755859375,749.5499877929688,747.9500122070312,751.75,740.9500122070312,745.7999877929688,736.6500244140625,729.9500122070312,729.7999877929688,722.4000244140625,732.8499755859375,733.4000244140625,748.2999877929688,752.75,754.8499755859375,764.8499755859375,770.4000244140625,770.6500244140625,760.1500244140625,772.8499755859375,774.5999755859375,795.9500122070312,780.1500244140625,788.2000122070312,801.4500122070312,810.3499755859375,806.3499755859375,805.75,788.6500244140625,779.1500244140625,7.018348203969425,-6.821026765217919,2.4995065960361633,True,True,Stop,2026-01-28,-4.0,30
RANGE_BREAKOUT_VOLUME_RSI_65_68,TECHM,2026-01-16,BUY,20D High Breakout,1670.5,1598.9941820604208,1545.0760009765625,1520.252748413086,65.09792659993718,3733401.0,1338895.0,2.788419554931492,3.795209829964156,4.471924835113453,2236624097.5,1718.300048828125,1678.5,1686.699951171875,1687.4000244140625,1701.0999755859375,1745.0999755859375,1762.9000244140625,1768.4000244140625,1743.0999755859375,1724.0,1716.5,1645.300048828125,1646.199951171875,1619.9000244140625,1621.699951171875,1644.5999755859375,1634.4000244140625,1536.5999755859375,1534.4000244140625,1512.699951171875,1523.800048828125,1504.800048828125,1479.300048828125,1456.9000244140625,1440.9000244140625,1345.4000244140625,1361.800048828125,1361.800048828125,1357.800048828125,1345.4000244140625,10.984735109248728,-20.850047819702187,-19.461237688472764,True,True,Target,2026-01-28,5.0,30
RANGE_BREAKOUT_VOLUME_RSI_65_68,INDIANB,2026-01-22,BUY,20D High Breakout,896.75,839.824291364242,832.7060009765624,705.3047503662109,67.37048725692529,5457242.0,2311442.45,2.3609681478334013,1.2389867841409692,6.778287937264328,2072786017.0375001,876.4500122070312,876.7000122070312,898.3499755859375,909.5,911.7000122070312,834.7999877929688,870.0999755859375,879.25,879.5,871.2000122070312,902.5,906.0499877929688,897.2999877929688,880.7000122070312,873.7000122070312,888.9000244140625,920.0999755859375,938.1500244140625,927.3499755859375,946.7000122070312,982.75,985.8499755859375,983.5999755859375,991.5499877929688,990.5,976.6500244140625,939.0,951.75,939.4000244140625,898.9000244140625,11.513799832729301,-10.0975732136012,0.23975739214524674,True,True,Stop,2026-01-27,-4.0,30
RANGE_BREAKOUT_VOLUME_RSI_65_68,UJJIVANSFB,2026-01-22,BUY,20D High Breakout,61.959999084472656,57.43543198841176,54.926199951171874,48.137900028228756,67.83209872204276,48540812.0,17422148.6,2.786155319556854,1.0065522712563628,7.87765833636244,1079476311.3055468,63.060001373291016,62.06999969482422,63.08000183105469,62.40999984741211,65.37000274658203,61.790000915527344,63.88999938964844,65.25,63.08000183105469,62.86000061035156,64.87000274658203,63.900001525878906,62.709999084472656,62.70000076293945,61.2400016784668,61.75,62.619998931884766,63.11000061035156,62.220001220703125,62.529998779296875,61.790000915527344,60.7400016784668,61.220001220703125,61.599998474121094,58.060001373291016,57.279998779296875,54.2599983215332,55.849998474121094,55.86000061035156,53.369998931884766,9.748226282722758,-14.86442740568198,-13.863783536982924,True,True,Target,2026-01-23,5.0,30
RANGE_BREAKOUT_VOLUME_RSI_65_68,GESHIP,2026-01-28,BUY,20D High Breakout,1173.5999755859375,1112.537086562745,1105.7060009765626,1011.2534985351563,65.58044361315916,836410.0,350855.35,2.3839169047871156,1.419573659308064,5.488616043519983,411763830.1941955,1186.5999755859375,1202.4000244140625,1216.4000244140625,1227.300048828125,1238.800048828125,1266.0999755859375,1274.199951171875,1313.199951171875,1342.699951171875,1348.9000244140625,1340.300048828125,1300.0999755859375,1311.9000244140625,1318.0999755859375,1290.800048828125,1292.9000244140625,1287.199951171875,1299.199951171875,1323.199951171875,1346.800048828125,1346.5999755859375,1338.9000244140625,1326.4000244140625,1354.5999755859375,1389.4000244140625,1415.300048828125,1338.5,1391.0999755859375,1427.0,1486.5,27.18132299216643,-1.2014294375643517,26.66155682713289,True,False,Target,2026-01-30,5.0,30
BE_VOLUME_HC_COOL_RVOL,CUB,2026-01-30,BUY,Bullish Engulfing,301.75,283.46664634017685,278.9934014892578,225.91465019226075,63.05763542491506,3463960.0,2206614.9,1.569807219193526,0.9681693760572733,6.449913559806269,665846046.0749999,285.45001220703125,298.5,292.1000061035156,293.6499938964844,292.45001220703125,289.8500061035156,287.04998779296875,290.70001220703125,286.3999938964844,284.1000061035156,275.8999938964844,276.04998779296875,287.25,284.54998779296875,281.70001220703125,291.04998779296875,288.8500061035156,289.95001220703125,290.6000061035156,283.04998779296875,277.3500061035156,261.04998779296875,268.1499938964844,259.75,246.64999389648438,251.39999389648438,247.0500030517578,243.85000610351562,231.5,242.5500030517578,7.406795726102941,-24.954433488569283,-19.61888879809186,True,True,Stop,2026-02-02,-4.0,30
BE_VOLUME_REVERSAL_HIGH_CONFIDENCE,CUB,2026-01-30,BUY,Bullish Engulfing,301.75,283.46664634017685,278.9934014892578,225.91465019226075,63.05763542491506,3463960.0,2206614.9,1.569807219193526,0.9681693760572733,6.449913559806269,665846046.0749999,285.45001220703125,298.5,292.1000061035156,293.6499938964844,292.45001220703125,289.8500061035156,287.04998779296875,290.70001220703125,286.3999938964844,284.1000061035156,275.8999938964844,276.04998779296875,287.25,284.54998779296875,281.70001220703125,291.04998779296875,288.8500061035156,289.95001220703125,290.6000061035156,283.04998779296875,277.3500061035156,261.04998779296875,268.1499938964844,259.75,246.64999389648438,251.39999389648438,247.0500030517578,243.85000610351562,231.5,242.5500030517578,7.406795726102941,-24.954433488569283,-19.61888879809186,True,True,Stop,2026-02-02,-4.0,30
RANGE_BREAKOUT_VOLUME_RSI_65_68,RAMCOCEM,2026-01-30,BUY,20D High Breakout,1121.0,1074.9282122489858,1050.0440075683593,1044.3235037231445,65.79332150234892,737932.0,353990.25,2.0846110874522674,7.278742762613731,4.28603391612747,396823070.25,1112.4000244140625,1134.4000244140625,1154.0,1161.4000244140625,1160.9000244140625,1204.9000244140625,1168.5,1151.4000244140625,1145.0,1144.699951171875,1151.0999755859375,1164.300048828125,1142.9000244140625,1127.199951171875,1113.699951171875,1143.300048828125,1147.0999755859375,1151.4000244140625,1140.199951171875,1129.800048828125,1099.9000244140625,1085.199951171875,1103.5999755859375,1090.199951171875,1025.4000244140625,1003.5999755859375,995.0999755859375,995.7000122070312,977.0,981.0,8.340767172167707,-16.146297948260482,-12.488849241748438,True,True,Target,2026-02-09,5.0,30
RANGE_BREAKOUT_VOLUME_RSI_65_68,NAVINFLUOR,2026-02-09,BUY,20D High Breakout,6598.0,6113.329441671612,5946.57,5151.357004394531,67.24532098565516,395796.0,194457.15,2.0353892875628383,0.5501544954405004,7.928094877802976,1283028275.7,6338.0,6432.0,6587.0,6304.0,6248.5,6241.5,6386.5,6388.0,6526.0,6649.5,6328.0,6430.5,6484.5,6256.5,6269.0,6076.0,6504.5,6572.0,6387.5,6540.0,6315.0,6220.0,6172.0,6171.5,6282.0,6337.5,6262.5,6124.0,5886.5,6184.5,5.5622916035162175,-11.094270991209457,-6.267050621400425,True,True,Stop,2026-02-10,-4.0,30
BE_VOLUME_HC_COOL_RVOL,CRAFTSMAN,2026-02-11,BUY,Bullish Engulfing,8119.0,7680.949364799439,7426.1,6516.731005859375,62.98819551970749,119344.0,48785.55,2.4462981354109976,1.2287104622871046,5.703079325168805,396089880.45000005,7973.5,7729.0,7737.0,7742.0,7994.5,8050.5,8038.0,8009.0,7876.5,7795.0,7754.5,7526.0,7667.5,7421.5,7594.5,7458.0,7287.5,7421.0,7325.5,7354.0,6674.0,6792.5,6917.0,6887.5,6855.0,6912.0,6546.5,6843.0,7049.0,6924.0,0.3818204212341421,-20.53824362606232,-14.718561399187092,False,True,Stop,2026-02-13,-4.0,30
BE_VOLUME_HC_EARLY_SURGE,CRAFTSMAN,2026-02-11,BUY,Bullish Engulfing,8119.0,7680.949364799439,7426.1,6516.731005859375,62.98819551970749,119344.0,48785.55,2.4462981354109976,1.2287104622871046,5.703079325168805,396089880.45000005,7973.5,7729.0,7737.0,7742.0,7994.5,8050.5,8038.0,8009.0,7876.5,7795.0,7754.5,7526.0,7667.5,7421.5,7594.5,7458.0,7287.5,7421.0,7325.5,7354.0,6674.0,6792.5,6917.0,6887.5,6855.0,6912.0,6546.5,6843.0,7049.0,6924.0,0.3818204212341421,-20.53824362606232,-14.718561399187092,False,True,Stop,2026-02-13,-4.0,30
BE_VOLUME_REVERSAL_HIGH_CONFIDENCE,CRAFTSMAN,2026-02-11,BUY,Bullish Engulfing,8119.0,7680.949364799439,7426.1,6516.731005859375,62.98819551970749,119344.0,48785.55,2.4462981354109976,1.2287104622871046,5.703079325168805,396089880.45000005,7973.5,7729.0,7737.0,7742.0,7994.5,8050.5,8038.0,8009.0,7876.5,7795.0,7754.5,7526.0,7667.5,7421.5,7594.5,7458.0,7287.5,7421.0,7325.5,7354.0,6674.0,6792.5,6917.0,6887.5,6855.0,6912.0,6546.5,6843.0,7049.0,6924.0,0.3818204212341421,-20.53824362606232,-14.718561399187092,False,True,Stop,2026-02-13,-4.0,30
BE_VOLUME_HC_BALANCED,AJANTPHARM,2026-02-13,BUY,Bullish Engulfing,2920.10009765625,2815.6311263493285,2742.6880078125,2614.887998046875,66.26841611197966,171375.0,95099.95,1.8020514206369194,3.333552355143137,3.710321651486115,277701373.2821045,2940.10009765625,2957.800048828125,2961.89990234375,2959.699951171875,2939.39990234375,2978.39990234375,2948.800048828125,3021.300048828125,2978.89990234375,2993.89990234375,2967.800048828125,2916.300048828125,2974.89990234375,2992.0,2936.39990234375,2999.89990234375,3048.199951171875,3119.5,3030.60009765625,2954.10009765625,3020.60009765625,3056.60009765625,2943.89990234375,2904.699951171875,2796.800048828125,2863.199951171875,2879.89990234375,2807.89990234375,2805.10009765625,2816.800048828125,10.544155749690862,-6.1984176551096795,-3.5375516377344858,True,True,Target,2026-03-11,5.0,30
BE_VOLUME_REVERSAL_HIGH_CONFIDENCE,AJANTPHARM,2026-02-13,BUY,Bullish Engulfing,2920.10009765625,2815.6311263493285,2742.6880078125,2614.887998046875,66.26841611197966,171375.0,95099.95,1.8020514206369194,3.333552355143137,3.710321651486115,277701373.2821045,2940.10009765625,2957.800048828125,2961.89990234375,2959.699951171875,2939.39990234375,2978.39990234375,2948.800048828125,3021.300048828125,2978.89990234375,2993.89990234375,2967.800048828125,2916.300048828125,2974.89990234375,2992.0,2936.39990234375,2999.89990234375,3048.199951171875,3119.5,3030.60009765625,2954.10009765625,3020.60009765625,3056.60009765625,2943.89990234375,2904.699951171875,2796.800048828125,2863.199951171875,2879.89990234375,2807.89990234375,2805.10009765625,2816.800048828125,10.544155749690862,-6.1984176551096795,-3.5375516377344858,True,True,Target,2026-03-11,5.0,30
BE_VOLUME_REVERSAL_RSI_65_68,AJANTPHARM,2026-02-13,BUY,Bullish Engulfing,2920.10009765625,2815.6311263493285,2742.6880078125,2614.887998046875,66.26841611197966,171375.0,95099.95,1.8020514206369194,3.333552355143137,3.710321651486115,277701373.2821045,2940.10009765625,2957.800048828125,2961.89990234375,2959.699951171875,2939.39990234375,2978.39990234375,2948.800048828125,3021.300048828125,2978.89990234375,2993.89990234375,2967.800048828125,2916.300048828125,2974.89990234375,2992.0,2936.39990234375,2999.89990234375,3048.199951171875,3119.5,3030.60009765625,2954.10009765625,3020.60009765625,3056.60009765625,2943.89990234375,2904.699951171875,2796.800048828125,2863.199951171875,2879.89990234375,2807.89990234375,2805.10009765625,2816.800048828125,10.544155749690862,-6.1984176551096795,-3.5375516377344858,True,True,Target,2026-03-11,5.0,30
BE_VOLUME_HC_COOL_RVOL,NTPC,2026-02-20,BUY,Bullish Engulfing,372.95001220703125,360.7499395454318,344.3970007324219,337.6227516174316,64.19584654402095,16736731.0,10930796.3,1.5311538647920828,0.18733619721322603,3.381864090392455,4076640613.5175724,375.45001220703125,382.75,384.8999938964844,381.8999938964844,381.8999938964844,377.54998779296875,365.79998779296875,378.04998779296875,380.6000061035156,376.25,377.29998779296875,379.8999938964844,390.54998779296875,384.45001220703125,382.3999938964844,383.3500061035156,378.5,374.04998779296875,380.95001220703125,372.3999938964844,375.54998779296875,378.3999938964844,375.6499938964844,370.6499938964844,364.6499938964844,359.6499938964844,366.1000061035156,368.8500061035156,374.1499938964844,378.6499938964844,5.77825099547281,-5.617378072480535,1.528350047697267,True,True,Target,2026-03-12,5.0,30
BE_VOLUME_HC_EARLY_SURGE,NTPC,2026-02-20,BUY,Bullish Engulfing,372.95001220703125,360.7499395454318,344.3970007324219,337.6227516174316,64.19584654402095,16736731.0,10930796.3,1.5311538647920828,0.18733619721322603,3.381864090392455,4076640613.5175724,375.45001220703125,382.75,384.8999938964844,381.8999938964844,381.8999938964844,377.54998779296875,365.79998779296875,378.04998779296875,380.6000061035156,376.25,377.29998779296875,379.8999938964844,390.54998779296875,384.45001220703125,382.3999938964844,383.3500061035156,378.5,374.04998779296875,380.95001220703125,372.3999938964844,375.54998779296875,378.3999938964844,375.6499938964844,370.6499938964844,364.6499938964844,359.6499938964844,366.1000061035156,368.8500061035156,374.1499938964844,378.6499938964844,5.77825099547281,-5.617378072480535,1.528350047697267,True,True,Target,2026-03-12,5.0,30
BE_VOLUME_REVERSAL_HIGH_CONFIDENCE,NTPC,2026-02-20,BUY,Bullish Engulfing,372.95001220703125,360.7499395454318,344.3970007324219,337.6227516174316,64.19584654402095,16736731.0,10930796.3,1.5311538647920828,0.18733619721322603,3.381864090392455,4076640613.5175724,375.45001220703125,382.75,384.8999938964844,381.8999938964844,381.8999938964844,377.54998779296875,365.79998779296875,378.04998779296875,380.6000061035156,376.25,377.29998779296875,379.8999938964844,390.54998779296875,384.45001220703125,382.3999938964844,383.3500061035156,378.5,374.04998779296875,380.95001220703125,372.3999938964844,375.54998779296875,378.3999938964844,375.6499938964844,370.6499938964844,364.6499938964844,359.6499938964844,366.1000061035156,368.8500061035156,374.1499938964844,378.6499938964844,5.77825099547281,-5.617378072480535,1.528350047697267,True,True,Target,2026-03-12,5.0,30
RANGE_BREAKOUT_VOLUME_RSI_65_68,GAEL,2026-02-20,BUY,20D High Breakout,147.11000061035156,137.48101323406922,132.6684001159668,115.61719985961913,67.01501209537821,2084741.0,969719.15,2.1498399820195364,0.7019867222265824,7.003867042999197,142655384.7483696,146.22000122070312,144.27999877929688,144.35000610351562,144.52999877929688,140.94000244140625,139.1300048828125,136.02999877929688,138.99000549316406,135.75,130.5,131.9600067138672,132.4199981689453,130.3699951171875,130.1999969482422,126.86000061035156,130.10000610351562,136.5500030517578,133.00999450683594,134.50999450683594,127.9800033569336,128.7100067138672,131.72999572753906,134.02999877929688,135.88999938964844,139.3699951171875,140.35000610351562,146.52999877929688,143.77999877929688,148.0399932861328,152.7899932861328,5.206990435951619,-16.926110680830757,3.861051357633922,True,True,Stop,2026-02-24,-4.0,30
RANGE_BREAKOUT_VOLUME_RSI_65_68,POLYCAB,2026-02-24,BUY,20D High Breakout,8120.5,7669.8559286443315,7490.48,7095.25,67.37046506753256,858763.0,300631.6,2.856529386797662,0.3313899969315741,5.8755219856564,2441278907.7999997,8348.5,8506.0,8610.5,8548.5,8284.0,8564.0,8552.0,8228.5,7723.0,7429.5,7455.0,7193.5,7127.0,7166.5,7374.5,7180.0,7171.0,6795.0,7064.5,7145.0,7067.0,6843.5,6925.0,6878.0,7047.0,7227.0,7600.5,7607.0,7728.0,7548.0,7.4071793608767935,-17.609753094021304,-7.050058493935102,True,True,Target,2026-02-26,5.0,30
BE_VOLUME_REVERSAL_HIGH_CONFIDENCE,SIEMENS,2026-02-27,BUY,Bullish Engulfing,3418.60009765625,3217.85502777997,3106.4880126953126,3163.1845056152342,66.80089701629572,857596.0,454959.45,1.8849943659814077,0.6220901844113372,6.238474640505356,1555324420.1996338,3341.60009765625,3161.0,3215.699951171875,3268.89990234375,3228.89990234375,3274.89990234375,3272.199951171875,3324.699951171875,3207.60009765625,3149.60009765625,3173.5,3220.89990234375,3079.0,3129.60009765625,2988.300048828125,3001.800048828125,3101.300048828125,3048.89990234375,2935.0,3017.0,3026.60009765625,3048.0,3075.5,3226.10009765625,3222.5,3388.5,3343.5,3576.10009765625,3563.800048828125,3707.89990234375,8.784291701547128,-14.994444597590759,8.462522565474693,True,True,Stop,2026-03-04,-4.0,30
BE_VOLUME_REVERSAL_RSI_65_68,SIEMENS,2026-02-27,BUY,Bullish Engulfing,3418.60009765625,3217.85502777997,3106.4880126953126,3163.1845056152342,66.80089701629572,857596.0,454959.45,1.8849943659814077,0.6220901844113372,6.238474640505356,1555324420.1996338,3341.60009765625,3161.0,3215.699951171875,3268.89990234375,3228.89990234375,3274.89990234375,3272.199951171875,3324.699951171875,3207.60009765625,3149.60009765625,3173.5,3220.89990234375,3079.0,3129.60009765625,2988.300048828125,3001.800048828125,3101.300048828125,3048.89990234375,2935.0,3017.0,3026.60009765625,3048.0,3075.5,3226.10009765625,3222.5,3388.5,3343.5,3576.10009765625,3563.800048828125,3707.89990234375,8.784291701547128,-14.994444597590759,8.462522565474693,True,True,Stop,2026-03-04,-4.0,30
RANGE_BREAKOUT_VOLUME_RSI_65_68,KTKBANK,2026-03-05,BUY,20D High Breakout,213.58999633789062,202.4584257071434,197.64720001220704,189.93184982299806,65.38216056523899,9859905.0,3157665.4,3.1225300185383795,3.0898356384674917,5.498200725342534,674445741.222284,217.8000030517578,205.80999755859375,221.30999755859375,228.72999572753906,226.6999969482422,223.61000061035156,217.6999969482422,226.14999389648438,231.8800048828125,231.32000732421875,228.92999267578125,214.5,218.1199951171875,226.47999572753906,229.66000366210938,222.9600067138672,230.1699981689453,227.47000122070312,229.6999969482422,228.9499969482422,243.50999450683594,243.69000244140625,242.97000122070312,240.94000244140625,242.52000427246094,246.33999633789062,246.22999572753906,245.6699981689453,250.32000732421875,250.63999938964844,19.621707186983357,-4.812958919215644,17.34631943770729,True,True,Stop,2026-03-09,-4.0,30
RANGE_BREAKOUT_VOLUME_RSI_65_68,ASTRAL,2026-03-11,BUY,20D High Breakout,1746.300048828125,1632.164828569342,1528.70599609375,1472.4699975585938,67.26841698036347,2881726.0,840393.65,3.429019245921242,1.266461410196153,6.992873407205267,1467579472.0298462,1696.0,1611.800048828125,1619.699951171875,1652.0,1668.4000244140625,1640.4000244140625,1631.800048828125,1556.300048828125,1594.4000244140625,1646.5999755859375,1619.0999755859375,1599.0,1570.300048828125,1553.5,1522.800048828125,1544.5,1525.5,1563.699951171875,1630.0,1625.0999755859375,1631.0,1578.699951171875,1605.0,1591.4000244140625,1582.5,1589.5999755859375,1574.9000244140625,1563.199951171875,1535.0,1548.9000244140625,-1.2197244592885768,-16.58936409218989,-11.303900755573482,False,True,Stop,2026-03-12,-4.0,30
RANGE_BREAKOUT_VOLUME_RSI_65_68,AJANTPHARM,2026-03-12,BUY,20D High Breakout,3119.5,2961.7397112318395,2862.0419873046876,2650.151496582031,67.97929289431443,297692.0,116140.75,2.5632002548631725,0.9682539682539684,5.326608822844371,362301069.625,3030.60009765625,2954.10009765625,3020.60009765625,3056.60009765625,2943.89990234375,2904.699951171875,2796.800048828125,2863.199951171875,2879.89990234375,2807.89990234375,2805.10009765625,2816.800048828125,2791.199951171875,2742.300048828125,2711.60009765625,2709.0,2751.0,2806.0,2897.300048828125,2883.199951171875,2827.60009765625,2790.199951171875,2781.300048828125,2791.199951171875,2779.199951171875,2780.800048828125,2765.300048828125,2807.199951171875,2756.0,2804.199951171875,3.478121493829139,-13.556656590599456,-10.10739056990303,False,True,Stop,2026-03-16,-4.0,30
RANGE_BREAKOUT_VOLUME_RSI_65_68,NTPC,2026-03-12,BUY,20D High Breakout,390.54998779296875,374.2813841833752,359.2559991455078,340.0355014038086,65.51398500825485,23847146.0,11838164.3,2.0144293824338964,0.4714592589936836,4.346623769464018,4623394922.856159,384.45001220703125,382.3999938964844,383.3500061035156,378.5,374.04998779296875,380.95001220703125,372.3999938964844,375.54998779296875,378.3999938964844,375.6499938964844,370.6499938964844,364.6499938964844,359.6499938964844,366.1000061035156,368.8500061035156,374.1499938964844,378.6499938964844,380.1499938964844,386.25,392.6000061035156,390.79998779296875,393.6000061035156,398.0,396.20001220703125,405.3999938964844,402.25,401.8500061035156,410.20001220703125,406.8500061035156,401.29998779296875,6.1067742539934615,-9.870692356391563,2.7525285715022463,True,True,Stop,2026-03-19,-4.0,30
RANGE_BREAKOUT_VOLUME_RSI_65_68,VTL,2026-03-17,BUY,20D High Breakout,553.8499755859375,529.5124888469904,481.5559979248047,454.33374877929685,65.30581035111746,2236482.0,565312.6,3.956186364853711,1.0805587719801226,4.59620636936095,313098369.70842284,548.7000122070312,529.25,532.9000244140625,538.7999877929688,534.5999755859375,523.6500244140625,527.2000122070312,523.7000122070312,529.7999877929688,536.5999755859375,537.0,547.1500244140625,551.3499755859375,549.8499755859375,560.8499755859375,548.25,558.0,545.4500122070312,557.5999755859375,549.9000244140625,560.3499755859375,566.0499877929688,569.4000244140625,590.0499877929688,597.5999755859375,609.1500244140625,608.75,612.0,626.0999755859375,636.0499877929688,15.193649566389745,-8.179108023800902,14.841566458510528,True,True,Stop,2026-03-19,-4.0,30
BE_VOLUME_HC_COOL_RVOL,AETHER,2026-03-18,BUY,Bullish Engulfing,1068.550048828125,997.4105668292646,987.0180041503907,836.6615020751954,62.472680978798614,327139.0,217140.85,1.5065751101186164,1.3888821610275988,7.132417117357251,232025865.87008056,1068.550048828125,1155.550048828125,1085.050048828125,1224.6500244140625,1158.550048828125,1170.3499755859375,1094.5,1116.0,1103.4000244140625,1100.9000244140625,1084.800048828125,1134.800048828125,1133.800048828125,1190.199951171875,1185.300048828125,1178.0999755859375,1187.4000244140625,1179.800048828125,1185.4000244140625,1183.5,1183.300048828125,1181.4000244140625,1113.800048828125,1154.5,1170.0999755859375,1168.0999755859375,1171.800048828125,1252.0,1221.5,1232.699951171875,19.3299253492464,-2.5267885233462675,15.361929235207336,True,False,Target,2026-03-20,5.0,30
BE_VOLUME_REVERSAL_HIGH_CONFIDENCE,AETHER,2026-03-18,BUY,Bullish Engulfing,1068.550048828125,997.4105668292646,987.0180041503907,836.6615020751954,62.472680978798614,327139.0,217140.85,1.5065751101186164,1.3888821610275988,7.132417117357251,232025865.87008056,1068.550048828125,1155.550048828125,1085.050048828125,1224.6500244140625,1158.550048828125,1170.3499755859375,1094.5,1116.0,1103.4000244140625,1100.9000244140625,1084.800048828125,1134.800048828125,1133.800048828125,1190.199951171875,1185.300048828125,1178.0999755859375,1187.4000244140625,1179.800048828125,1185.4000244140625,1183.5,1183.300048828125,1181.4000244140625,1113.800048828125,1154.5,1170.0999755859375,1168.0999755859375,1171.800048828125,1252.0,1221.5,1232.699951171875,19.3299253492464,-2.5267885233462675,15.361929235207336,True,False,Target,2026-03-20,5.0,30
MOMENTUM_PULLBACK_TIGHT_EMA,LUPIN,2026-03-20,BUY,21 EMA Reclaim,2322.5,2289.632125156495,2231.4159814453124,2047.8104986572266,56.80558499862598,1089433.0,938888.9,1.1603428265048186,2.3174670000462076,1.435508983403108,2180569470.25,2296.699951171875,2331.800048828125,2347.60009765625,2334.800048828125,2313.89990234375,2274.89990234375,2274.5,2279.89990234375,2298.300048828125,2294.10009765625,2295.10009765625,2333.800048828125,2315.10009765625,2338.89990234375,2327.0,2326.10009765625,2328.699951171875,2311.5,2307.89990234375,2341.39990234375,2296.10009765625,2324.5,2302.699951171875,2311.39990234375,2305.199951171875,2348.800048828125,2343.300048828125,2442.89990234375,2460.10009765625,2379.5,7.384284176533908,-6.561890305435952,2.4542518837459637,True,True,Stop,2026-04-02,-4.0,30
MOMENTUM_PULLBACK_TIGHT_EMA,NTPC,2026-03-20,BUY,21 EMA Reclaim,380.95001220703125,376.8829436863535,364.045,341.3145016479492,55.323932852326614,20930288.0,14885356.95,1.4060991664697702,3.4347244088640685,1.079133080658176,5670576911.808517,372.3999938964844,375.54998779296875,378.3999938964844,375.6499938964844,370.6499938964844,364.6499938964844,359.6499938964844,366.1000061035156,368.8500061035156,374.1499938964844,378.6499938964844,380.1499938964844,386.25,392.6000061035156,390.79998779296875,393.6000061035156,398.0,396.20001220703125,405.3999938964844,402.25,401.8500061035156,410.20001220703125,406.8500061035156,401.29998779296875,399.1499938964844,400.04998779296875,398.6499938964844,394.8500061035156,400.3500061035156,402.1499938964844,8.780674791335716,-7.599425457242948,5.565029796594881,True,True,Stop,2026-04-01,-4.0,30
BE_VOLUME_REVERSAL_HIGH_CONFIDENCE,IPCALAB,2026-03-25,BUY,Bullish Engulfing,1570.0,1527.5811226330686,1493.926005859375,1415.5205029296876,62.287500593122296,657174.0,244459.1,2.688277916428556,3.32512315270936,2.7768657741603016,383800787.0,1586.0,1601.199951171875,1508.199951171875,1488.300048828125,1456.0,1442.199951171875,1445.0,1449.9000244140625,1456.199951171875,1451.0,1470.9000244140625,1461.4000244140625,1468.300048828125,1468.5999755859375,1476.5,1494.800048828125,1526.0999755859375,1555.9000244140625,1541.300048828125,1537.0,1542.0999755859375,1530.9000244140625,1530.0,1541.800048828125,1564.4000244140625,1560.0999755859375,1552.5999755859375,1535.0,1509.0999755859375,1506.300048828125,3.1847133757961785,-9.936305732484078,-4.057321730692675,False,True,Stop,2026-04-01,-4.0,30
